,protein_name,num_sample,mol_id,Model,FF_unminimised_Minimized Vina score,FF_unminimised_Vina score,FF_unminimised_Minimized Glide score,FF_unminimised_Glide score,FF_minimised_Minimized Vina score,FF_minimised_Vina score,FF_minimised_Minimized Glide score,FF_minimised_Glide score,easydock_redocking_rmsd,easydock_redocking_score,glide_redocking_rmsd,glide_redocking_score,MW,QED,logP,SAScore
0,GPCR_5HT2C,50,DiffSBDD_0_num_sample_50,DiffSBDD,-8.654,-3.549,-3.086,10000.0,-8.153,-6.501,-1.221,10000.0,3.141437826481221,-11.287,9.768445572707689,-6.2552924302445083,482.6210000000002,0.5612131728295565,4.264300000000003,4.8836875132119895
1,GPCR_5HT2C,50,DiffSBDD_10_num_sample_50,DiffSBDD,-9.707,-7.863,10000.0,10000.0,-9.625,-8.509,-7.331,-6.68,4.604566837901898,-11.382,2.7883578175282357,-7.7259985224686414,494.5040000000001,0.2553111389534039,3.387520000000001,3.9664701126736457
2,GPCR_5HT2C,50,DiffSBDD_11_num_sample_50,DiffSBDD,-4.853,-4.088,-3.823,-3.024,-4.805,-4.735,-4.036,-4.146,8.318387901377152,-6.46,7.959566311699001,-5.9422959008371414,258.27399999999994,0.3282336861544619,-0.7580000000000002,5.689395381747067
3,GPCR_5HT2C,50,DiffSBDD_12_num_sample_50,DiffSBDD,-7.974,-7.64,-7.601,10000.0,-7.93,-7.563,-7.293,-7.039,2.7643508013530362,-9.91,4.756375938357502,-6.9561682395960354,478.56900000000036,0.33513982203605336,0.6545000000000016,4.909756228119703
4,GPCR_5HT2C,50,DiffSBDD_13_num_sample_50,DiffSBDD,-9.716,-9.161,-6.033,10000.0,-9.827,-9.431,-6.025,-2.651,1.8597957568353722,-10.486,5.467565470471832,-8.1243827809870108,489.54800000000034,0.3005624883475726,1.2471000000000014,5.414600068793046
5,GPCR_5HT2C,50,DiffSBDD_14_num_sample_50,DiffSBDD,-7.197,-6.541,10000.0,10000.0,-6.092,-6.092,-10.48,-8.912,4.012465199632374,-10.326,,,708.6580000000002,0.1913929850145947,5.344400000000005,6.946234970135672
6,GPCR_5HT2C,50,DiffSBDD_15_num_sample_50,DiffSBDD,-6.847,-4.873,-4.293,10000.0,-7.314,-7.001,-6.487,-5.549,1.5775681202132112,-7.95,2.7609166516632304,-7.6146552830968695,362.4920000000001,0.6900961107540332,2.058,4.12648348829996
7,GPCR_5HT2C,50,DiffSBDD_16_num_sample_50,DiffSBDD,-5.119,-4.722,-1.621,10000.0,-5.053,-4.701,-1.802,-1.666,8.173769583246154,-6.614,8.580588214533167,-2.9131715876985651,213.36499999999995,0.6857016627430442,2.6595000000000013,3.167008702261912
8,GPCR_5HT2C,50,DiffSBDD_17_num_sample_50,DiffSBDD,-8.298,-6.704,-7.532,10000.0,-8.46,-8.044,-8.548,-7.875,1.8392162223349384,-10.515,4.803642732197878,-6.7919822515684709,480.69600000000025,0.4659581298324121,4.045200000000003,4.544881935234828
9,GPCR_5HT2C,50,DiffSBDD_18_num_sample_50,DiffSBDD,-6.674,-4.579,-7.115,10000.0,-7.535,-6.297,-8.227,-7.612,3.5468051406698895,-9.717,10.291211212595167,-9.485174433222948,501.6590000000002,0.2895336742401462,3.9483000000000024,4.932849633657332
10,GPCR_5HT2C,50,DiffSBDD_19_num_sample_50,DiffSBDD,-7.563,-6.93,-8.053,-5.886,-7.572,-7.167,-8.49,-8.726,8.843576803533738,-9.57,7.750319772311656,-7.7639549235161756,352.3660000000002,0.6975699435254111,0.5697000000000001,4.678661495025111
11,GPCR_5HT2C,50,DiffSBDD_1_num_sample_50,DiffSBDD,-4.12,-3.783,-1.842,10000.0,-3.985,-3.31,-2.529,-2.464,6.56942432028865,-4.779,3.076815459463047,-4.1546629912236668,144.262,0.5253424373005614,1.1150000000000002,1.913241344697493
12,GPCR_5HT2C,50,DiffSBDD_20_num_sample_50,DiffSBDD,-11.139,-10.698,10000.0,10000.0,-10.656,-9.801,-9.35,-7.692,10.22665772761452,-10.627,3.6025879965665197,-8.4455770908786914,501.6580000000003,0.4383810560320952,6.794600000000009,5.346754299135433
13,GPCR_5HT2C,50,DiffSBDD_21_num_sample_50,DiffSBDD,-7.936,-6.373,-6.055,10000.0,-8.097,-7.935,-6.169,-6.352,2.253481375048906,-9.959,1.8685316358800181,-9.0809606272317502,370.474,0.3913271362789984,3.222920000000001,3.1691949267660835
14,GPCR_5HT2C,50,DiffSBDD_22_num_sample_50,DiffSBDD,-8.428,-5.361,-7.718,10000.0,-9.342,-8.75,-8.86,10000.0,1.9776409892477793,-10.675,2.57802306480715,-8.298465916949235,535.1510000000002,0.34986967424158627,3.9296000000000033,4.804614833649005
15,GPCR_5HT2C,50,DiffSBDD_23_num_sample_50,DiffSBDD,-6.103,-3.064,-11.76,10000.0,-7.839,-7.283,-11.97,10000.0,3.8343817382057446,-10.541,11.613078402038436,-8.2922931460966307,557.1230000000002,0.27747908301783725,1.7039000000000002,5.165570068793047
16,GPCR_5HT2C,50,DiffSBDD_24_num_sample_50,DiffSBDD,-7.049,-4.593,-6.416,10000.0,-8.775,-8.329,-7.899,10000.0,6.249259891314265,-9.85,,,578.0430000000001,0.15865329769420586,5.363900000000005,5.855532692331745
17,GPCR_5HT2C,50,DiffSBDD_25_num_sample_50,DiffSBDD,-7.386,-6.641,-5.51,10000.0,-7.717,-7.177,-7.501,-7.322,7.5436266874759905,-8.33,2.597548795855154,-7.9593316280716051,365.9490000000001,0.5532081671726392,3.720000000000003,4.220443723220448
18,GPCR_5HT2C,50,DiffSBDD_26_num_sample_50,DiffSBDD,-8.885,-7.558,10000.0,10000.0,-8.778,-7.304,10000.0,10000.0,7.802357662329321,-10.465,4.9216408777161975,-9.4745333759086137,622.8800000000002,0.34862678548410897,3.639420000000002,5.086000540024579
19,GPCR_5HT2C,50,DiffSBDD_27_num_sample_50,DiffSBDD,-8.042,-7.213,-8.524,10000.0,-8.807,-8.267,-9.364,-8.777,10.415460204172732,-11.578,9.702132467643347,-7.2635726496700288,463.5340000000002,0.32050163493110145,1.7044999999999997,5.126585551868031
20,GPCR_5HT2C,50,DiffSBDD_28_num_sample_50,DiffSBDD,1.747,13.683,10000.0,10000.0,1.998,4.155,10000.0,10000.0,10.04300389914202,-10.274,6.7553611464724375,-9.9337688129977852,623.7440000000003,0.08702804944896927,2.212900000000001,6.318960480220091
21,GPCR_5HT2C,50,DiffSBDD_29_num_sample_50,DiffSBDD,-8.088,-7.451,-7.366,10000.0,-7.397,-6.459,-7.144,10000.0,2.7340883405724203,-9.622,2.2948504698926615,-8.7017714889731685,530.6280000000002,0.21472771061628038,3.2683000000000018,5.928575467087328
22,GPCR_5HT2C,50,DiffSBDD_2_num_sample_50,DiffSBDD,-11.11,-10.615,,,,,,,,,9.129482654040205,-8.3889783678211032,522.5480000000001,0.4284622182746752,4.856600000000007,5.6802827065012815
23,GPCR_5HT2C,50,DiffSBDD_30_num_sample_50,DiffSBDD,-6.115,-6.195,-5.903,10000.0,-6.267,-5.725,-6.253,-6.24,8.951989113040744,-7.534,8.024297503539396,-6.4500663925683472,353.5910000000001,0.29095077421125054,5.973700000000006,4.6328809395050445
24,GPCR_5HT2C,50,DiffSBDD_31_num_sample_50,DiffSBDD,-7.586,-4.878,-6.525,10000.0,-7.848,-6.269,-7.279,-5.818,4.094846845024918,-8.787,2.5617246155673894,-7.6935363070550924,261.29600000000005,0.7409243167826576,3.161900000000001,2.9303467894801596
25,GPCR_5HT2C,50,DiffSBDD_32_num_sample_50,DiffSBDD,-10.46,-10.124,-8.843,-7.776,-10.721,-10.625,-9.108,-9.784,1.8215139402383826,-11.042,2.8786067459585607,-7.2252844357746238,411.5060000000002,0.5226261421501459,4.298580000000003,3.5681081907519943
26,GPCR_5HT2C,50,DiffSBDD_33_num_sample_50,DiffSBDD,-7.642,-6.95,-7.925,10000.0,-7.297,-7.297,-8.53,-8.464,10.247756381818958,-10.05,10.250378769856459,-7.6332588492301197,503.6360000000002,0.2534038252408488,1.5509,5.0886802119900745
27,GPCR_5HT2C,50,DiffSBDD_34_num_sample_50,DiffSBDD,-6.533,-6.382,-7.015,10000.0,-6.416,-6.194,-6.352,-6.376,3.229145292488401,-7.528,9.331720583878838,-6.9703278923304248,347.41100000000006,0.35723636245077145,1.8732000000000002,4.340886599854417
28,GPCR_5HT2C,50,DiffSBDD_35_num_sample_50,DiffSBDD,-5.687,-5.37,-1.965,-0.884,-5.234,-4.998,-2.147,-2.926,6.717486174157711,-6.176,9.066322834976337,-5.763562437903003,325.4560000000001,0.26023917832063675,-0.32419999999999827,3.580523201975131
29,GPCR_5HT2C,50,DiffSBDD_36_num_sample_50,DiffSBDD,-4.816,-4.626,-0.8459,10000.0,-4.353,-3.972,-1.022,-1.071,6.8227568914625705,-5.655,4.617120584536224,-1.0180210152604718,232.43299999999994,0.5684894756067144,4.241100000000004,2.319251317678214
30,GPCR_5HT2C,50,DiffSBDD_37_num_sample_50,DiffSBDD,-8.362,-8.285,-8.311,10000.0,-8.468,-8.429,-8.472,-7.913,3.202893777777236,-9.268,1.7067572807533453,-8.527510559812093,430.56100000000026,0.433135622207582,3.9429000000000034,4.941409542909559
31,GPCR_5HT2C,50,DiffSBDD_38_num_sample_50,DiffSBDD,-2.921,4.952,10000.0,10000.0,-4.96,-2.192,10000.0,10000.0,10.506625794999737,-10.446,,,754.0719999999998,0.18275218722235,5.957600000000006,5.785865257318137
32,GPCR_5HT2C,50,DiffSBDD_39_num_sample_50,DiffSBDD,-6.947,-4.257,-8.066,10000.0,-9.381,-8.995,-8.355,-8.701,5.9039642902806495,-12.496,5.956333211492035,-7.046497215744763,624.8000000000004,0.3170856996561479,4.629780000000004,5.810781217891829
33,GPCR_5HT2C,50,DiffSBDD_3_num_sample_50,DiffSBDD,-6.398,-6.014,10000.0,10000.0,-6.354,-6.262,-7.903,10000.0,10.791288737035101,-9.486,3.873771109071632,-6.9591704907110525,482.6660000000002,0.43081402021966086,2.2077800000000014,6.182042379344773
34,GPCR_5HT2C,50,DiffSBDD_40_num_sample_50,DiffSBDD,-0.529,31.665,10000.0,10000.0,-1.992,7.372,10000.0,10000.0,7.628821951433044,-8.947,7.7465510457387206,-7.1837541589190685,449.4810000000002,0.3186470472750845,1.5290999999999988,5.692382585814413
35,GPCR_5HT2C,50,DiffSBDD_41_num_sample_50,DiffSBDD,-8.858,3.504,10000.0,10000.0,-10.007,-4.608,-10.83,10000.0,1.4944423709196688,-12.333,6.652963316680637,-10.805839847395477,645.7399999999999,0.14958098596805366,5.914370000000005,5.539142985732687
36,GPCR_5HT2C,50,DiffSBDD_42_num_sample_50,DiffSBDD,-2.856,1.789,10000.0,10000.0,-3.766,-2.785,-5.739,10000.0,5.483434685703931,-7.827,3.8294561369094535,-7.46812315060816,315.34100000000007,0.8180001432065116,2.9823000000000013,4.300083576359799
37,GPCR_5HT2C,50,DiffSBDD_43_num_sample_50,DiffSBDD,-9.102,-8.454,10000.0,-3.393,-8.799,-8.075,-6.338,-1.629,3.8357072569853816,-9.697,9.796900689333956,-7.6616720133065144,427.5410000000002,0.4528814691074314,3.711000000000002,3.5848727812241528
38,GPCR_5HT2C,50,DiffSBDD_44_num_sample_50,DiffSBDD,-8.579,-7.415,-10.08,10000.0,-8.604,-7.786,-9.746,-8.77,2.2231982342762175,-10.034,10.830176199393524,-9.0456491700665342,508.49900000000025,0.2092260917634844,2.8756000000000013,4.842227423159328
39,GPCR_5HT2C,50,DiffSBDD_45_num_sample_50,DiffSBDD,-5.847,-5.688,-0.2136,0.1173,-5.463,-5.043,-0.4524,-0.1879,7.856641508940065,-6.16,5.710447564490247,-1.0942668102021869,206.32899999999995,0.3339662785754316,3.719000000000003,2.9412279309684966
40,GPCR_5HT2C,50,DiffSBDD_46_num_sample_50,DiffSBDD,-4.071,-3.799,2.384,3.13,-4.077,-3.699,2.22,2.758,7.207176601931478,-5.773,4.944889665454082,0.40859880271015736,202.29399999999995,0.5352065883874216,2.574200000000001,1.730882952556044
41,GPCR_5HT2C,50,DiffSBDD_47_num_sample_50,DiffSBDD,-9.988,-8.914,-7.785,10000.0,-10.057,-9.631,-8.214,-7.873,8.60793907041633,-10.192,9.753137267015076,-8.0460615365112904,334.4190000000001,0.8972836130572422,3.633700000000002,3.2978444479410722
42,GPCR_5HT2C,50,DiffSBDD_48_num_sample_50,DiffSBDD,-5.367,-4.694,10000.0,10000.0,-6.837,-5.89,-8.059,-7.877,9.989800621606994,-9.884,12.170923143059367,-7.0520760236228233,532.7950000000004,0.3627481479502615,5.123900000000004,5.192176782429003
43,GPCR_5HT2C,50,DiffSBDD_49_num_sample_50,DiffSBDD,-5.942,-4.966,10000.0,10000.0,-6.493,-6.493,10000.0,10000.0,10.681348070989744,-11.208,11.085168160479641,-8.3700609272291562,610.6560000000002,0.19032841315734073,2.3821000000000003,7.008800624952792
44,GPCR_5HT2C,50,DiffSBDD_4_num_sample_50,DiffSBDD,-9.746,-8.208,-7.752,10000.0,-10.068,-8.645,-9.724,-9.075,1.0190725166138308,-10.206,1.7707142182893794,-8.9952991279277086,481.58800000000025,0.3227116025169392,1.5283000000000015,4.664500844615502
45,GPCR_5HT2C,50,DiffSBDD_5_num_sample_50,DiffSBDD,-8.375,-6.782,-6.962,10000.0,-7.433,-7.105,-6.887,-5.973,5.183302444898823,-9.187,10.338511239853203,-7.5632383299172732,502.70100000000036,0.30993295193357295,0.9428000000000021,5.742119274084529
46,GPCR_5HT2C,50,DiffSBDD_6_num_sample_50,DiffSBDD,-9.539,-7.305,-9.696,10000.0,-9.671,-9.398,-9.894,-9.79,1.1749871488658925,-10.202,3.3003059519341167,-8.4209065752669741,490.5300000000003,0.40422949885372333,3.7322400000000027,4.06125349734505
47,GPCR_5HT2C,50,DiffSBDD_7_num_sample_50,DiffSBDD,1.982,2.422,10000.0,10000.0,-1.503,-1.503,10000.0,10000.0,11.977239222081971,-11.752,11.619599960951003,-8.527954381459665,698.8610000000001,0.17891806813127162,1.5588800000000036,6.656130435772227
48,GPCR_5HT2C,50,DiffSBDD_8_num_sample_50,DiffSBDD,-7.183,-6.228,-10.18,10000.0,-7.803,-7.549,-9.681,-9.791,2.1973408560889767,-11.305,4.0257569890959175,-9.5547661186912389,505.5940000000003,0.3319651599376635,2.9110000000000005,4.376841968596096
49,GPCR_5HT2C,50,DiffSBDD_9_num_sample_50,DiffSBDD,-7.16,-5.178,10000.0,10000.0,-7.037,-5.412,10000.0,3.407,9.14078359454058,-8.604,11.456713275055183,-7.6287891790853548,542.5130000000001,0.2266701388556855,1.9050999999999998,5.111545261021504
50,GPCR_5HT2C,50,Pocket2Mol_0_num_sample_50,Pocket2Mol,-2.279,-2.071,-2.112,-2.014,-2.275,-1.777,-2.162,-1.977,5.21432097017435,-3.968,5.123646942203903,-3.140124946810722,74.12299999999999,0.5128217987135145,0.7787999999999999,1.8791313408682448
51,GPCR_5HT2C,50,Pocket2Mol_10_num_sample_50,Pocket2Mol,-2.423,-2.232,-4.383,-4.07,-2.356,-2.272,-4.414,-4.213,4.215689293184054,-3.458,5.830165826751042,-4.4475081845864093,88.106,0.4157492501598946,0.03320000000000001,2.231084394440007
52,GPCR_5HT2C,50,Pocket2Mol_11_num_sample_50,Pocket2Mol,-3.027,-2.404,-4.048,-3.712,-2.753,-2.347,-4.03,-3.672,5.111334475294423,-4.486,4.5172523166361005,-5.0036833379860797,83.08999999999999,0.439188042424394,0.020000000000000073,3.7202545301866135
53,GPCR_5HT2C,50,Pocket2Mol_12_num_sample_50,Pocket2Mol,-2.272,-2.186,-4.182,-3.986,-2.357,-1.938,-4.159,-4.02,4.684079640121419,-3.69,4.8869078274550555,-4.4963694448643237,88.062,0.395310501894485,0.15320000000000006,2.785696159145891
54,GPCR_5HT2C,50,Pocket2Mol_13_num_sample_50,Pocket2Mol,-2.748,-2.323,-4.373,-4.031,-2.583,-2.438,-4.47,-4.197,5.8756596134675245,-4.404,5.187476716952873,-4.6802922052976665,86.08999999999999,0.3967776605314054,0.3234,2.4724391455712276
55,GPCR_5HT2C,50,Pocket2Mol_14_num_sample_50,Pocket2Mol,-3.596,-3.191,-4.807,-4.435,-3.289,-2.96,-4.798,-4.655,5.503245445038168,-4.727,4.922683231281003,-5.3129868327532606,84.162,0.42179147361668384,2.1965000000000003,1.5726834894626336
56,GPCR_5HT2C,50,Pocket2Mol_15_num_sample_50,Pocket2Mol,-3.005,-2.741,-4.405,-4.11,-2.895,-2.771,-4.515,-4.218,5.382380580808709,-4.466,4.160366139290869,-5.3641820293458631,86.134,0.46448993193719695,0.9213,1.8898744396888763
57,GPCR_5HT2C,50,Pocket2Mol_16_num_sample_50,Pocket2Mol,-3.464,-3.051,-4.742,-4.448,-3.51,-2.972,-4.742,-4.577,5.269618962347595,-4.748,4.5904231190466165,-5.0714904279811561,84.162,0.42231618686094674,2.3406000000000002,1.0
58,GPCR_5HT2C,50,Pocket2Mol_17_num_sample_50,Pocket2Mol,-2.815,-2.229,-4.356,-4.063,-2.527,-2.314,-4.422,-4.069,5.484617233377975,-4.411,4.803548266611429,-4.7356856373218168,84.074,0.3980844137850428,0.44699999999999995,3.7705242134445314
59,GPCR_5HT2C,50,Pocket2Mol_18_num_sample_50,Pocket2Mol,-3.118,-2.62,-4.867,-4.501,-2.957,-2.367,-4.711,-4.305,4.536678649077977,-4.324,3.76717555783505,-5.0459955811959958,83.08999999999999,0.45930111020247577,0.7253999999999998,3.1660092813178355
60,GPCR_5HT2C,50,Pocket2Mol_19_num_sample_50,Pocket2Mol,-3.125,-2.712,-4.368,-4.3,-2.971,-2.442,-5.114,-4.117,4.0616173492423755,-4.042,4.486406853995707,-5.2206917072435335,81.118,0.4392057746620909,1.0251,2.8873187835802785
61,GPCR_5HT2C,50,Pocket2Mol_1_num_sample_50,Pocket2Mol,-2.183,-2.032,-4.233,-3.825,-2.07,-1.86,-4.259,-3.819,5.494353900323494,-3.611,5.92211499618567,-4.6347445657091395,68.075,0.44603148755014616,1.2796,3.4100345361345177
62,GPCR_5HT2C,50,Pocket2Mol_20_num_sample_50,Pocket2Mol,-2.077,-2.014,-3.8,-3.791,-2.223,-2.156,-3.922,-3.784,5.3171631569381095,-3.201,11.58704078174348,-3.6312240904254143,58.080000000000005,0.3982369618339747,0.5952999999999999,1.6549326618525964
63,GPCR_5HT2C,50,Pocket2Mol_21_num_sample_50,Pocket2Mol,-2.409,-2.365,-4.346,-4.234,-2.51,-2.308,-4.325,-4.175,4.4803455960450185,-3.87,4.909854089592208,-4.878448105282188,88.106,0.4258802125078894,0.3792,3.09711244873865
64,GPCR_5HT2C,50,Pocket2Mol_22_num_sample_50,Pocket2Mol,-3.018,-2.845,-4.78,-4.625,-2.907,-2.74,-4.692,-4.582,4.551853093887514,-4.094,4.32459232223819,-5.2342431448242923,99.15799999999999,0.47943025980521636,1.45152,3.3507739872001894
65,GPCR_5HT2C,50,Pocket2Mol_23_num_sample_50,Pocket2Mol,-2.13,-1.925,-2.488,-2.314,-2.026,-1.937,-2.417,-2.369,5.0505665845526675,-3.336,5.024056615823148,-3.0337878208429738,90.122,0.4632611164076684,0.2792,1.6600343944400073
66,GPCR_5HT2C,50,Pocket2Mol_24_num_sample_50,Pocket2Mol,-2.797,-2.577,-4.109,-4.005,-2.801,-2.437,-3.848,-3.992,5.022906286702949,-3.986,5.429968047381035,-4.6122027644385888,83.134,0.3851053504833924,0.488,3.2540626749829933
67,GPCR_5HT2C,50,Pocket2Mol_25_num_sample_50,Pocket2Mol,-4.027,-3.708,-5.669,-4.992,-4.509,-3.813,-5.643,-5.076,3.812727512836822,-5.662,3.517804737495429,-5.8408264582248046,92.14099999999998,0.4588062796575454,1.99502,1.0
68,GPCR_5HT2C,50,Pocket2Mol_26_num_sample_50,Pocket2Mol,-2.739,-2.551,-4.496,-4.215,-2.648,-2.339,-4.343,-4.319,5.028379504373153,-4.163,4.397985614061899,-4.890322991422245,102.089,0.3888163964787349,-0.44020000000000015,2.810940509601002
69,GPCR_5HT2C,50,Pocket2Mol_27_num_sample_50,Pocket2Mol,-3.675,-3.313,-4.61,-4.597,-3.47,-2.832,-5.49,-4.471,5.275463021520344,-5.135,4.913225961572847,-5.9986207999382151,94.11299999999997,0.514729544768675,1.3921999999999997,1.1765612788317714
70,GPCR_5HT2C,50,Pocket2Mol_28_num_sample_50,Pocket2Mol,-3.807,-3.517,-4.731,-4.472,-3.763,-2.939,-4.843,-4.374,5.612631605838488,-5.288,5.18476044323259,-5.7903722179765751,93.12899999999996,0.48007546344555985,1.2688,1.2633697403702335
71,GPCR_5HT2C,50,Pocket2Mol_29_num_sample_50,Pocket2Mol,-3.248,-3.084,-4.942,-4.826,-3.797,-3.302,-4.93,-4.918,5.473141257606485,-5.614,4.312100410525032,-5.2684233552114366,98.145,0.448625540575247,1.5196,2.0078358942163863
72,GPCR_5HT2C,50,Pocket2Mol_2_num_sample_50,Pocket2Mol,-2.799,-2.757,-4.512,-4.292,-3.195,-2.469,-4.791,-4.274,4.0539041165276695,-4.251,3.7929473277037693,-4.9899118995832792,64.087,0.37193791467948784,1.2675,5.432985305365286
73,GPCR_5HT2C,50,Pocket2Mol_30_num_sample_50,Pocket2Mol,-2.248,-2.507,-4.62,-4.062,-2.408,-2.32,-4.128,-4.08,4.482618944959997,-3.89,5.072230872590975,-5.255962959365851,104.10499999999999,0.4802035052340686,-0.6483999999999999,3.0429258942163857
74,GPCR_5HT2C,50,Pocket2Mol_31_num_sample_50,Pocket2Mol,-1.597,-1.349,-0.8717,-0.7554,-1.717,-1.318,-0.8872,-0.8634,9.691314430973746,-3.467,5.839289513988796,-1.8662825219372792,62.068000000000005,0.40752789066641704,-1.0290000000000001,2.276784584929519
75,GPCR_5HT2C,50,Pocket2Mol_32_num_sample_50,Pocket2Mol,-4.052,-3.197,-5.136,-4.256,-3.783,-3.056,-5.2,-4.445,4.896181521786719,-5.441,4.315943351884134,-5.7980544582961802,96.104,0.46184033029146143,1.8256999999999999,1.0
76,GPCR_5HT2C,50,Pocket2Mol_33_num_sample_50,Pocket2Mol,-1.864,-1.864,-4.423,-4.349,-2.028,-2.028,-4.612,-4.369,4.997752135710614,-4.112,4.232259252917626,-5.1252218087045804,102.133,0.44111814422325407,0.4233,2.179368641469134
77,GPCR_5HT2C,50,Pocket2Mol_34_num_sample_50,Pocket2Mol,-3.864,-3.365,-4.987,-4.325,-3.275,-3.178,-5.052,-4.701,5.502149993152027,-5.282,4.773283889523108,-5.623009369538237,100.161,0.4863248839438126,1.3114,1.8182543557548474
78,GPCR_5HT2C,50,Pocket2Mol_35_num_sample_50,Pocket2Mol,-3.305,-2.721,-4.458,-4.371,-3.257,-2.925,-4.534,-4.424,5.100126813269307,-5.254,4.6272931445224454,-5.2021413881270417,96.08499999999998,0.4740663170949623,0.6397999999999999,2.396262048062539
79,GPCR_5HT2C,50,Pocket2Mol_36_num_sample_50,Pocket2Mol,-3.511,-3.038,-4.584,-4.573,-3.726,-3.244,-4.712,-4.558,5.441840101866804,-5.471,4.104435438486902,-5.2687163750391512,98.145,0.49097431760981713,2.0023,2.889794355754848
80,GPCR_5HT2C,50,Pocket2Mol_37_num_sample_50,Pocket2Mol,-1.922,-1.922,-4.612,-4.29,-1.938,-1.938,-4.719,-4.451,4.350304569468999,-3.821,4.197841411842027,-4.8115414809406518,104.10499999999999,0.4314554595233663,-0.0351999999999999,3.0680807293812222
81,GPCR_5HT2C,50,Pocket2Mol_38_num_sample_50,Pocket2Mol,-3.671,-3.445,-4.932,-4.76,-3.553,-3.196,-4.844,-4.771,3.8269793705816,-5.086,4.4941637329233055,-5.238467182683455,95.10099999999998,0.43153299075234863,0.5437000000000001,3.2745636674957375
82,GPCR_5HT2C,50,Pocket2Mol_39_num_sample_50,Pocket2Mol,-3.829,-3.412,-5.15,-4.74,-3.437,-2.819,-5.131,-4.705,5.307821644651277,-5.086,4.801845880625983,-5.824992549208698,112.19699999999997,0.4830395759177518,2.3649400000000007,2.1351053679005965
83,GPCR_5HT2C,50,Pocket2Mol_3_num_sample_50,Pocket2Mol,-2.414,-2.324,-4.368,-4.41,-2.56,-2.404,-4.38,-4.268,5.1131828433960775,-3.705,3.6770347807944352,-4.6568393856503221,69.10699999999999,0.39960950981584775,0.851,3.9895329976729794
84,GPCR_5HT2C,50,Pocket2Mol_40_num_sample_50,Pocket2Mol,-2.317,-1.924,-0.4588,10000.0,-2.296,-2.213,0.06587,0.277,9.225186612436936,-4.086,5.650648798640295,-4.610785132849978,104.06099999999998,0.3239550457995007,-0.756,2.2186444010037167
85,GPCR_5HT2C,50,Pocket2Mol_41_num_sample_50,Pocket2Mol,-2.014,-2.014,-4.43,-4.322,-2.019,-2.019,-4.399,-4.441,5.300852507851923,-4.131,4.707177680874997,-5.2466163173922116,100.11699999999998,0.44219820121012926,0.5469,3.605542267842761
86,GPCR_5HT2C,50,Pocket2Mol_42_num_sample_50,Pocket2Mol,-1.696,-1.053,-3.554,-3.151,-1.614,-1.63,-3.668,-3.674,9.649910336889146,-3.349,5.509926837342828,-4.5102335889325698,62.068000000000005,0.4179983966500295,-0.41739999999999994,2.601476892621827
87,GPCR_5HT2C,50,Pocket2Mol_43_num_sample_50,Pocket2Mol,-3.355,-3.234,-4.693,-4.383,-3.206,-2.933,-4.704,-4.639,4.865784380608272,-4.774,4.0313169088496,-5.1377519684133732,100.117,0.41897611120492895,0.7134999999999999,2.2848766634471556
88,GPCR_5HT2C,50,Pocket2Mol_44_num_sample_50,Pocket2Mol,-2.389,-1.977,-1.471,10000.0,-2.305,-2.234,-1.203,-0.8995,9.28868940809197,-4.177,4.911220816654872,-4.993560951766729,103.077,0.30398618074987616,-1.3553000000000002,2.4241457584697805
89,GPCR_5HT2C,50,Pocket2Mol_45_num_sample_50,Pocket2Mol,-1.743,-1.743,-4.066,-3.595,-1.857,-1.634,-3.97,-3.687,5.091097887489494,-3.106,6.07167541605796,-4.4542609509176474,74.07900000000001,0.4020858486861461,-0.009299999999999975,2.90882222844221
90,GPCR_5HT2C,50,Pocket2Mol_46_num_sample_50,Pocket2Mol,-2.341,-1.774,-1.837,-1.674,-1.9,-1.543,-1.712,-1.807,9.355322067037564,-3.514,5.866602857666403,-2.8341438786235971,76.095,0.48573367049540345,-0.3749,2.14296447696292
91,GPCR_5HT2C,50,Pocket2Mol_47_num_sample_50,Pocket2Mol,-3.022,-2.474,-4.366,-4.266,-3.022,-2.622,-4.435,-4.325,5.295932872875185,-4.277,4.140195578336632,-4.6938121101404731,70.135,0.40836192922302755,1.9505000000000001,1.0
92,GPCR_5HT2C,50,Pocket2Mol_48_num_sample_50,Pocket2Mol,-2.501,-2.285,-3.957,-3.896,-2.608,-2.055,-3.923,-3.677,5.33430159102389,-3.659,5.586896802758056,-4.4647773098027503,71.12299999999999,0.4347944578283113,0.36979999999999996,2.1924683822883626
93,GPCR_5HT2C,50,Pocket2Mol_49_num_sample_50,Pocket2Mol,-2.411,-1.952,-4.25,-3.744,-2.308,-1.98,-4.248,-3.99,5.757630547021925,-3.59,5.250681436509435,-4.5277799214795724,72.107,0.4109376010493491,0.7968000000000001,2.0262776130575944
94,GPCR_5HT2C,50,Pocket2Mol_4_num_sample_50,Pocket2Mol,-1.781,-1.76,-1.773,-1.442,-1.847,-1.845,-1.764,-1.564,9.017525495278624,-3.583,5.597472533321212,-2.181185201573026,74.07900000000001,0.38296659073251405,0.1792999999999999,1.7363164941764762
95,GPCR_5HT2C,50,Pocket2Mol_5_num_sample_50,Pocket2Mol,-3.039,-2.793,-4.255,-4.405,-2.998,-2.444,-4.41,-4.12,5.314265437104171,-4.384,4.479010453025845,-4.9425705191417215,68.11899999999999,0.37908242774858664,1.7265,2.733714536134517
96,GPCR_5HT2C,50,Pocket2Mol_6_num_sample_50,Pocket2Mol,-3.455,-3.26,-4.806,-4.59,-3.236,-2.873,-4.836,-4.533,4.592532897541399,-5.026,4.084015663716166,-5.4383678603866645,78.11399999999999,0.4426283718993647,1.6866,1.0
97,GPCR_5HT2C,50,Pocket2Mol_7_num_sample_50,Pocket2Mol,-2.948,-2.731,-4.47,-4.437,-2.786,-2.426,-4.343,-4.143,4.671797304571335,-4.317,4.464066900105009,-5.0059045824287454,83.08999999999999,0.41591891669114184,0.37760000000000005,3.712142312992043
98,GPCR_5HT2C,50,Pocket2Mol_8_num_sample_50,Pocket2Mol,-3.068,-2.909,-4.76,-4.388,-2.793,-2.427,-4.741,-4.419,5.512810541517518,-4.491,6.094302529592127,-5.5302521306329435,98.16999999999999,0.4656159934955298,2.05652,2.6475848469286944
99,GPCR_5HT2C,50,Pocket2Mol_9_num_sample_50,Pocket2Mol,-2.115,-1.702,-1.26,-0.6247,-1.617,-1.612,-0.8915,-0.6702,8.688821438923693,-3.231,4.685325180411977,-3.3493110684205938,60.05200000000001,0.4298828832001217,0.09089999999999993,1.5149307387756714
0,GPCR_5HT2C,100,DiffSBDD_0_num_sample_100,DiffSBDD,-8.493,-7.173,-7.313,10000.0,-8.859,-8.438,-7.7,-9.454,2.4801890536681843,-10.185,2.1067260203048055,-8.6988956229039189,463.02200000000016,0.3535251737860782,4.393580000000004,5.0498404204814475
1,GPCR_5HT2C,100,DiffSBDD_10_num_sample_100,DiffSBDD,-4.486,-3.869,-7.462,10000.0,-6.069,-5.477,-7.697,-7.2,1.778447364142956,-11.61,4.2490017191503355,-8.9677154959922447,521.7430000000004,0.2696214992940642,3.4925000000000015,4.918216106318067
2,GPCR_5HT2C,100,DiffSBDD_11_num_sample_100,DiffSBDD,-6.011,-3.629,10000.0,10000.0,-6.932,-5.655,10000.0,10000.0,3.813492508749127,-9.859,,,552.7810000000001,0.2873608828765136,3.517800000000001,5.71678701181114
3,GPCR_5HT2C,100,DiffSBDD_12_num_sample_100,DiffSBDD,-4.796,-4.5,-0.341,1.078,-3.695,-3.211,-0.249,0.4239,6.693891711851934,-5.87,2.9954854375134823,-1.8790963996965118,189.32399999999996,0.36072526892760587,2.3919000000000006,3.369665611348175
4,GPCR_5HT2C,100,DiffSBDD_13_num_sample_100,DiffSBDD,-7.264,-6.565,10000.0,10000.0,-7.514,-7.115,-8.496,-8.423,9.28877958306995,-10.396,6.0322922599678295,-8.3777748761767743,496.05100000000033,0.4327163700071279,5.626180000000006,4.844091318565282
5,GPCR_5HT2C,100,DiffSBDD_14_num_sample_100,DiffSBDD,-8.655,-8.219,-8.36,10000.0,-8.234,-8.179,-7.531,-6.777,4.524791921788656,-9.188,4.725346659532888,-8.7360598457860892,440.6250000000002,0.2749609006827608,3.027700000000002,4.847608716672232
6,GPCR_5HT2C,100,DiffSBDD_15_num_sample_100,DiffSBDD,-8.431,-5.873,-8.807,10000.0,-9.011,-8.336,-8.079,-8.386,3.4844340577348705,-9.655,4.355678263311814,-9.3963750065570135,588.8470000000002,0.38504361862085684,1.9659000000000002,5.7626250000240535
7,GPCR_5HT2C,100,DiffSBDD_16_num_sample_100,DiffSBDD,-7.106,-7.106,-7.52,10000.0,-6.889,-6.889,-8.673,-8.0,8.533296026561079,-10.249,7.3433949834314145,-8.1570001445365126,352.51800000000003,0.5940950268045762,4.955300000000005,4.426998705161794
8,GPCR_5HT2C,100,DiffSBDD_17_num_sample_100,DiffSBDD,-3.294,1.085,10000.0,10000.0,-5.591,-3.668,10000.0,10000.0,8.460182778256591,-10.652,10.05054205367813,-7.6791875026519669,759.9229999999998,0.10215851343332286,4.322000000000004,6.78297318860432
9,GPCR_5HT2C,100,DiffSBDD_18_num_sample_100,DiffSBDD,-4.36,-3.806,10000.0,10000.0,-6.398,-5.651,-6.294,10000.0,10.291161616487551,-10.69,10.641343614331806,-8.1579946708971356,501.58400000000023,0.3048150273372652,1.3942999999999999,5.570903472559966
10,GPCR_5HT2C,100,DiffSBDD_19_num_sample_100,DiffSBDD,-6.847,-4.939,-7.639,10000.0,-7.078,-6.712,-8.861,-8.111,6.470771601980711,-9.145,5.688181588660724,-8.8871434770332343,445.60000000000025,0.3398714241503069,4.141900000000004,4.824770858166294
11,GPCR_5HT2C,100,DiffSBDD_1_num_sample_100,DiffSBDD,-9.386,-8.738,-6.295,10000.0,-8.515,-7.704,-5.988,-5.875,0.9811694188933062,-9.768,9.866899712142358,-7.9254213141210226,391.5120000000002,0.4789943176861164,0.14880000000000126,5.562816583655401
12,GPCR_5HT2C,100,DiffSBDD_20_num_sample_100,DiffSBDD,-7.457,-6.91,-4.059,10000.0,-6.833,-6.765,-6.213,-6.065,1.9599333458054122,-8.325,4.114456762722428,-6.2867009740455879,373.5190000000001,0.3740465106096039,1.8823999999999996,4.544877212329614
13,GPCR_5HT2C,100,DiffSBDD_21_num_sample_100,DiffSBDD,-5.398,-5.175,10000.0,10000.0,-4.842,-4.547,-4.903,-4.535,8.855687567078814,-7.223,9.115542166438704,-6.2687260339164164,199.34199999999998,0.7035836826722026,1.5684999999999996,3.5964203430020287
14,GPCR_5HT2C,100,DiffSBDD_22_num_sample_100,DiffSBDD,-0.633,0.454,10000.0,10000.0,-4.306,-3.905,10000.0,10000.0,11.352582129189818,-7.959,,,642.772,0.24643018785711107,1.6548000000000034,6.717684026821883
15,GPCR_5HT2C,100,DiffSBDD_23_num_sample_100,DiffSBDD,-6.402,-5.604,-8.328,10000.0,-8.533,-7.914,-6.799,-7.18,10.224660604327372,-11.044,9.956536430478511,-8.4934520692632525,520.7180000000005,0.5338310773098904,4.424200000000004,4.808030077770286
16,GPCR_5HT2C,100,DiffSBDD_24_num_sample_100,DiffSBDD,-7.258,-6.313,-9.107,10000.0,-8.263,-7.406,-8.464,-9.294,3.137570392121465,-9.184,2.467754393694998,-9.15266801737992,396.53500000000025,0.5942000991235871,1.8212000000000004,3.3557320950046865
17,GPCR_5HT2C,100,DiffSBDD_25_num_sample_100,DiffSBDD,-5.979,-5.851,10000.0,10000.0,-5.819,-5.768,-6.977,10000.0,3.096829233753501,-9.871,10.355239828627418,-7.7765777349559322,460.4580000000002,0.30338464579750724,2.52918,5.470396436017222
18,GPCR_5HT2C,100,DiffSBDD_26_num_sample_100,DiffSBDD,-9.112,-4.577,10000.0,10000.0,-7.607,-7.607,-7.891,-2.474,10.151299533666723,-12.091,3.30207911715029,-8.7953360512257071,489.52800000000013,0.4184250246344618,3.1286000000000014,3.872071154459759
19,GPCR_5HT2C,100,DiffSBDD_27_num_sample_100,DiffSBDD,-6.681,-6.681,-5.024,10000.0,-6.694,-6.559,-7.28,-6.919,8.121427553084494,-9.027,8.531110535050397,-7.2459495829818481,334.4350000000001,0.8580619830182208,3.9163000000000023,4.485311633523148
20,GPCR_5HT2C,100,DiffSBDD_28_num_sample_100,DiffSBDD,-7.266,-6.979,-5.775,-5.212,-7.238,-6.752,-5.829,-5.995,6.40542158520503,-7.823,4.139434133965999,-7.0945437963493552,274.385,0.40257441081172607,3.7566000000000024,4.565648238220101
21,GPCR_5HT2C,100,DiffSBDD_29_num_sample_100,DiffSBDD,-7.957,-4.122,10000.0,10000.0,-7.907,-7.581,-9.299,10000.0,2.4819113973328157,-10.073,9.893436606019124,-7.9455429496231433,575.8320000000003,0.2723449355555531,4.267600000000006,6.057709438063815
22,GPCR_5HT2C,100,DiffSBDD_2_num_sample_100,DiffSBDD,-6.686,-6.478,-5.746,-3.981,-6.811,-6.314,-6.418,-6.557,2.63175786120228,-6.87,2.699199557805203,-7.3367419397356644,379.4500000000001,0.24741682494211487,0.32629999999999937,4.285378644983686
23,GPCR_5HT2C,100,DiffSBDD_30_num_sample_100,DiffSBDD,-8.72,-8.259,10000.0,10000.0,-8.658,-8.119,-8.688,-8.505,2.0248647466989587,-9.553,3.760109846353134,-8.7890805170871271,481.6150000000003,0.14953339711924665,1.0289000000000006,5.4041542715341215
24,GPCR_5HT2C,100,DiffSBDD_31_num_sample_100,DiffSBDD,-3.847,-3.812,-3.062,-3.077,-3.72,-3.244,-3.016,-2.514,7.204607768012711,-5.251,7.390025952514942,-4.6287022320801414,176.237,0.5475839047205436,0.5304,4.101354829784299
25,GPCR_5HT2C,100,DiffSBDD_32_num_sample_100,DiffSBDD,-7.272,-7.272,-9.073,10000.0,-6.052,-6.052,-9.827,-9.059,0.5821526687474086,-12.575,9.373261611435455,-7.2114796580430038,518.6950000000005,0.3637674236769288,3.0226000000000015,5.685992010857411
26,GPCR_5HT2C,100,DiffSBDD_33_num_sample_100,DiffSBDD,-9.833,-9.032,-6.767,10000.0,-10.18,-9.956,-9.305,-9.585,1.892710866519878,-11.279,9.813531979929556,-9.4450614342148391,453.44100000000014,0.4551299495442038,3.305200000000002,4.10220252222443
27,GPCR_5HT2C,100,DiffSBDD_34_num_sample_100,DiffSBDD,-3.503,-3.502,-2.614,-2.535,-3.334,-2.655,-3.036,-2.48,4.791063382312253,-4.47,5.052936168364763,-3.7329704471292597,148.227,0.6016550099703739,1.6042999999999998,1.9867183918409435
28,GPCR_5HT2C,100,DiffSBDD_35_num_sample_100,DiffSBDD,-6.148,-5.623,-5.514,-5.177,-5.973,-5.88,-5.846,-5.511,4.0267328464484295,-6.699,2.4023269387733217,-6.1983333133202283,165.19199999999998,0.7217220332802156,0.8591199999999999,1.5121583446246198
29,GPCR_5HT2C,100,DiffSBDD_36_num_sample_100,DiffSBDD,-7.811,-7.747,-6.906,10000.0,-7.701,-7.702,-6.604,-6.699,2.008035676973893,-8.085,,,374.4740000000001,0.6186823593951137,2.7855000000000008,4.2280002014563784
30,GPCR_5HT2C,100,DiffSBDD_37_num_sample_100,DiffSBDD,-4.078,-4.072,-3.344,-2.973,-3.3,-2.865,-4.142,10000.0,8.3205335065327,-4.996,2.945587782611492,-5.6740628947206746,177.156,0.36570450795754045,-2.1319,4.644155395554247
31,GPCR_5HT2C,100,DiffSBDD_38_num_sample_100,DiffSBDD,-7.486,-6.51,-6.249,10000.0,-8.137,-7.431,-9.968,-9.799,1.8615002611394447,-10.807,4.052000973784266,-11.363149287261368,497.69500000000033,0.26345346241634454,6.3920200000000085,4.103804987783359
32,GPCR_5HT2C,100,DiffSBDD_39_num_sample_100,DiffSBDD,-5.727,-5.592,-9.004,10000.0,-6.834,-6.424,-9.725,-8.997,4.432223639313442,-10.596,10.962361487476048,-8.229048447984594,531.0300000000003,0.3204408798090312,4.441200000000003,3.7371392359805284
33,GPCR_5HT2C,100,DiffSBDD_3_num_sample_100,DiffSBDD,-2.36,1.014,-1.895,10000.0,-2.11,-1.911,-1.876,-1.601,6.166549653169105,-3.531,6.855741474463064,-2.8370068299396971,154.25599999999997,0.344598456132111,0.5733,3.3129335051400943
34,GPCR_5HT2C,100,DiffSBDD_40_num_sample_100,DiffSBDD,-6.831,-5.365,10000.0,10000.0,-7.083,-5.813,-7.526,-7.237,4.743766956491432,-8.361,2.7399265206479813,-7.9539896671476082,481.7320000000003,0.38640225204792683,4.088600000000003,5.492107629968125
35,GPCR_5HT2C,100,DiffSBDD_41_num_sample_100,DiffSBDD,-0.875,0.838,-7.079,10000.0,-4.456,-3.599,-6.747,10000.0,5.358839517620373,-8.185,,,629.7549999999998,0.08801344300263966,-0.44669999999999743,5.9081575578142935
36,GPCR_5HT2C,100,DiffSBDD_42_num_sample_100,DiffSBDD,-1.358,8.437,10000.0,10000.0,-8.001,-3.888,-8.584,10000.0,3.1866888687077606,-10.692,11.67510887807201,-7.6898300809818361,546.9880000000003,0.2195427989903617,6.089720000000007,5.904572555019019
37,GPCR_5HT2C,100,DiffSBDD_43_num_sample_100,DiffSBDD,-6.018,-6.018,10000.0,10000.0,-7.385,-6.875,-6.831,-5.675,9.686111268939962,-10.934,4.290492855469327,-7.9811762423818173,508.6560000000003,0.43014614930082357,3.7165200000000027,5.3513145435585585
38,GPCR_5HT2C,100,DiffSBDD_44_num_sample_100,DiffSBDD,-5.221,-4.614,-7.862,10000.0,-6.473,-6.228,-7.581,-7.429,5.90312279391171,-8.586,5.356462394389286,-7.1885863283439884,352.49400000000014,0.5854127204481038,3.7081000000000026,5.715802142259731
39,GPCR_5HT2C,100,DiffSBDD_45_num_sample_100,DiffSBDD,-5.697,-4.815,-3.258,10000.0,-5.448,-5.036,-4.169,-4.015,5.884428288773199,-6.123,5.981089077436877,-4.4333609926325774,228.38199999999998,0.5687084008784749,3.589500000000003,2.2438201729341642
40,GPCR_5HT2C,100,DiffSBDD_46_num_sample_100,DiffSBDD,-8.68,-7.045,-7.739,10000.0,-8.815,-8.299,-6.23,-6.37,3.314599242576526,-10.174,5.420885281418769,-7.5744948870599362,494.5710000000003,0.2505720045017905,3.3034000000000017,4.749344195793318
41,GPCR_5HT2C,100,DiffSBDD_47_num_sample_100,DiffSBDD,-2.763,5.561,-5.097,10000.0,-4.497,-1.632,-3.807,10000.0,3.51321482247939,-6.584,7.349223059146377,-6.1587182079883442,313.42199999999997,0.2968897351480505,1.4120000000000001,5.27179048462812
42,GPCR_5HT2C,100,DiffSBDD_48_num_sample_100,DiffSBDD,-10.657,-10.199,-9.463,-7.473,-10.835,-10.351,-9.529,-9.281,1.4610946742284778,-11.426,3.5803578741138944,-9.8079287405356723,468.5940000000003,0.41737009810837333,2.4898000000000007,5.359028485735922
43,GPCR_5HT2C,100,DiffSBDD_49_num_sample_100,DiffSBDD,-7.593,-6.579,-6.985,10000.0,-7.784,-7.339,-5.029,-6.597,7.220161168304783,-8.296,9.334917468511597,-7.5541581114475207,408.86700000000013,0.3521824931978177,3.3069000000000015,2.856629605562718
44,GPCR_5HT2C,100,DiffSBDD_4_num_sample_100,DiffSBDD,-5.446,-4.956,-5.097,-1.659,-5.472,-4.861,-4.934,-4.454,8.244663937208115,-7.531,5.906563841170933,-6.3980584206073541,227.30399999999995,0.7568595346958279,1.0345,3.7459548429709866
45,GPCR_5HT2C,100,DiffSBDD_50_num_sample_100,DiffSBDD,-7.802,-6.819,-6.273,10000.0,-7.365,-7.066,-7.054,-6.759,3.3468883434218917,-8.747,8.660318487513571,-7.2730898613515667,356.5070000000001,0.5825935887962582,2.2499000000000002,5.208432863049644
46,GPCR_5HT2C,100,DiffSBDD_51_num_sample_100,DiffSBDD,-7.463,-7.091,10000.0,10000.0,-7.333,-6.806,-6.825,-7.057,7.951085963564977,-8.372,3.4214792947088064,-8.3298932607329927,410.51500000000016,0.39043210253812133,0.33190000000000297,4.929177684575159
47,GPCR_5HT2C,100,DiffSBDD_52_num_sample_100,DiffSBDD,-4.449,-3.917,-3.779,-3.432,-4.724,-4.13,-4.402,-3.81,6.079154587605087,-5.615,2.421035931552803,-5.873246512158409,211.30799999999996,0.4685821812417336,-1.2086000000000003,5.1439779135654025
48,GPCR_5HT2C,100,DiffSBDD_53_num_sample_100,DiffSBDD,-7.982,-7.585,-9.145,10000.0,-7.779,-7.363,-8.784,-7.956,9.934024874434447,-11.098,8.889162737714669,-8.0500193487846072,508.70600000000024,0.1669639437656683,2.830400000000002,5.534780817031312
49,GPCR_5HT2C,100,DiffSBDD_54_num_sample_100,DiffSBDD,-5.153,-4.898,-4.214,-3.687,-5.355,-4.997,-4.211,-4.452,8.726431311681768,-6.677,7.513756846004563,-6.1217438798510999,216.28799999999995,0.7814579600686093,2.599400000000001,2.494146511354879
50,GPCR_5HT2C,100,DiffSBDD_55_num_sample_100,DiffSBDD,-4.946,-4.76,1.766,2.245,-4.278,-4.037,1.435,1.97,5.743139552812288,-4.894,2.8259155966239033,0.049317942314678336,187.239,0.2962391921017346,-0.26990000000000003,3.1182351762042515
51,GPCR_5HT2C,100,DiffSBDD_56_num_sample_100,DiffSBDD,-7.88,-7.78,-7.293,10000.0,-7.999,-7.999,-8.941,-8.446,0.7247043362641071,-10.331,4.194874107940225,-7.1556434784865299,485.5840000000002,0.3066658849504149,-0.9143299999999972,5.287374937660433
52,GPCR_5HT2C,100,DiffSBDD_57_num_sample_100,DiffSBDD,-6.37,-0.288,-4.576,10000.0,-7.01,-5.117,-7.016,10000.0,4.957333432593047,-9.742,5.29552538380063,-6.136701120323548,327.837,0.4411353908015038,3.340300000000001,4.115341511582471
53,GPCR_5HT2C,100,DiffSBDD_58_num_sample_100,DiffSBDD,-4.521,-4.301,-0.1469,-0.575,-3.802,-3.52,-1.035,-1.033,6.9641068642480395,-4.45,3.118930271127493,-3.5307450692789906,229.79799999999997,0.4695178369788588,2.2737999999999996,3.0369153170639454
54,GPCR_5HT2C,100,DiffSBDD_59_num_sample_100,DiffSBDD,-6.422,-4.837,-7.19,10000.0,-6.61,-5.802,10000.0,-7.429,4.303358702223184,-8.134,10.137542936827208,-7.4952370046080183,365.9050000000001,0.7298525041989141,3.328100000000002,4.081166408115694
55,GPCR_5HT2C,100,DiffSBDD_5_num_sample_100,DiffSBDD,-8.117,-7.598,-5.351,10000.0,-7.769,-6.938,-6.708,-6.219,0.7150632839126895,-8.708,8.335450795143586,-7.4592198320940577,342.50800000000015,0.8123462769308635,4.282420000000004,4.851952658203318
56,GPCR_5HT2C,100,DiffSBDD_60_num_sample_100,DiffSBDD,-8.368,-6.28,10000.0,10000.0,-7.837,-6.759,-7.928,-7.21,2.7000492531983498,-11.391,2.584876916501771,-6.5155223794920003,459.63100000000026,0.4657096111603317,3.8064000000000027,5.6014047732063625
57,GPCR_5HT2C,100,DiffSBDD_61_num_sample_100,DiffSBDD,-9.164,-8.685,-8.887,10000.0,-8.532,-8.34,-8.722,-8.8,3.532777530063715,-10.067,2.5818631507622833,-7.9472282419913984,372.49400000000014,0.6019728014182377,3.123700000000002,4.650401072921655
58,GPCR_5HT2C,100,DiffSBDD_62_num_sample_100,DiffSBDD,-9.689,-7.366,-8.488,10000.0,-9.311,-8.822,-7.744,-6.903,2.1175409118865947,-10.35,9.964570852110581,-7.5588940820085133,517.6820000000002,0.2890875641050086,5.354000000000005,4.846354626832888
59,GPCR_5HT2C,100,DiffSBDD_63_num_sample_100,DiffSBDD,-6.861,-6.515,10000.0,10000.0,-8.051,-7.942,-9.143,-8.136,2.997592014553396,-9.725,10.357841743944167,-7.7819143543606968,525.5650000000002,0.2948606731491994,1.9825000000000002,4.960552250611228
60,GPCR_5HT2C,100,DiffSBDD_64_num_sample_100,DiffSBDD,-9.959,-8.559,-5.518,10000.0,-9.749,-9.381,-8.562,-8.675,9.252921302215857,-10.628,8.367182761401041,-7.9160109022660983,437.5840000000003,0.3669505058126901,4.559600000000004,4.619248216087294
61,GPCR_5HT2C,100,DiffSBDD_65_num_sample_100,DiffSBDD,-5.402,-5.402,-7.837,10000.0,-5.764,-5.764,-7.575,-6.797,1.345301969406455,-8.895,3.504414479482771,-7.1902601710050904,266.263,0.7524355774119454,1.3830999999999998,5.5991613880615745
62,GPCR_5HT2C,100,DiffSBDD_66_num_sample_100,DiffSBDD,-3.282,1.409,10000.0,10000.0,-5.293,-3.279,10000.0,10000.0,8.778949840733938,-10.226,11.815634470119992,-8.3688344527087484,684.0469999999999,0.24485930723545174,9.614120000000002,6.45154280302639
63,GPCR_5HT2C,100,DiffSBDD_67_num_sample_100,DiffSBDD,-4.936,-0.89,-6.459,10000.0,-6.787,-6.239,-6.961,10000.0,3.752999803331934,-7.522,,,315.347,0.5348386631826236,0.10150000000000009,4.915998639698486
64,GPCR_5HT2C,100,DiffSBDD_68_num_sample_100,DiffSBDD,0.939,8.704,10000.0,10000.0,-0.993,1.226,10000.0,10000.0,10.787496872431866,-10.443,11.485279148240517,-9.0661024366325798,626.8600000000004,0.1257869214137111,5.910270000000006,5.37834396514122
65,GPCR_5HT2C,100,DiffSBDD_69_num_sample_100,DiffSBDD,-8.882,-7.445,-8.089,10000.0,-8.649,-8.307,-8.623,-8.015,4.3230187275697665,-11.269,9.027914112003462,-9.889725772685992,498.57900000000024,0.19578758641819813,5.412700000000005,4.789475383324872
66,GPCR_5HT2C,100,DiffSBDD_6_num_sample_100,DiffSBDD,-5.627,0.435,10000.0,10000.0,-6.071,-5.724,-8.423,10000.0,3.9594569633277303,-10.688,2.738281456603489,-8.0415110840708337,577.7720000000004,0.2489227268313639,0.23360000000000075,5.364555108852079
67,GPCR_5HT2C,100,DiffSBDD_70_num_sample_100,DiffSBDD,-6.648,-6.515,-7.52,10000.0,-6.951,-6.51,-7.619,-7.026,,,3.2562566295672926,-9.1096301690358068,546.5920000000003,0.2581264422107101,4.768720000000005,5.66685324962234
68,GPCR_5HT2C,100,DiffSBDD_71_num_sample_100,DiffSBDD,-7.492,-3.214,-8.502,10000.0,-8.882,-7.449,-9.129,-9.106,1.7223031971840224,-11.293,9.74313415648357,-9.00698734490134,472.6390000000002,0.6047168788370291,4.251300000000003,5.4649462219014415
69,GPCR_5HT2C,100,DiffSBDD_72_num_sample_100,DiffSBDD,-9.316,-7.337,-7.737,10000.0,-8.915,-7.84,-8.12,10000.0,10.140515787728772,-10.512,9.634452442240908,-7.2130081228344443,473.5660000000003,0.5927671395008532,2.323999999999999,4.852582534730709
70,GPCR_5HT2C,100,DiffSBDD_73_num_sample_100,DiffSBDD,-5.224,-5.017,-1.844,4.742,-4.467,-4.289,-2.006,-2.345,0.7216998630370479,-5.143,6.7990007593572965,-2.3604499712610485,222.74099999999999,0.6386044759415154,1.2847,3.09718590385498
71,GPCR_5HT2C,100,DiffSBDD_74_num_sample_100,DiffSBDD,-5.14,-4.934,-6.223,-5.022,-5.367,-5.17,-6.256,-6.178,1.6991990760355307,-5.895,3.9143066014588204,-6.2952994806257383,154.27799999999996,0.6105967157333885,3.570020000000002,2.753828847851283
72,GPCR_5HT2C,100,DiffSBDD_75_num_sample_100,DiffSBDD,-2.163,-1.882,-7.254,10000.0,-4.989,-4.607,-7.023,10000.0,6.992049452446295,-8.484,6.854162643908873,-6.3070729268542678,318.3980000000001,0.7413069933482542,2.4329,4.781011973733087
73,GPCR_5HT2C,100,DiffSBDD_76_num_sample_100,DiffSBDD,-10.079,-9.558,-9.028,10000.0,-10.122,-9.948,-9.575,-9.557,0.5090169967990292,-10.32,3.0319651970881414,-7.8019096174437443,501.0200000000004,0.4884431657393883,4.193200000000003,4.361926140159234
74,GPCR_5HT2C,100,DiffSBDD_77_num_sample_100,DiffSBDD,-6.038,-6.038,10000.0,10000.0,-8.275,-8.024,-9.401,-9.162,9.73481482973512,-11.168,2.5477164834160604,-9.8296865523416344,550.6220000000003,0.21362158779900522,2.3404999999999996,4.831847097331261
75,GPCR_5HT2C,100,DiffSBDD_78_num_sample_100,DiffSBDD,-9.223,-6.928,-8.735,10000.0,-9.145,-8.9,-9.153,-8.228,10.007343500708691,-11.911,2.301405336190041,-9.7575652496493834,461.5620000000003,0.4966674097807973,4.735700000000004,5.034574525000161
76,GPCR_5HT2C,100,DiffSBDD_79_num_sample_100,DiffSBDD,-7.72,-7.524,10000.0,10000.0,-7.313,-7.313,-9.551,-8.912,1.0792989591597133,-11.42,2.7484147010392412,-7.397800940400832,524.7120000000004,0.29724759050773175,7.2795000000000085,5.021935039556491
77,GPCR_5HT2C,100,DiffSBDD_7_num_sample_100,DiffSBDD,-3.163,3.608,10000.0,10000.0,-5.595,-4.179,-9.502,10000.0,5.517388293386646,-11.108,,,762.8310000000004,0.10412454349394108,5.402400000000005,6.852468555612249
78,GPCR_5HT2C,100,DiffSBDD_80_num_sample_100,DiffSBDD,-7.239,-5.902,-8.26,10000.0,-8.079,-7.831,-8.635,-7.507,3.348686407704199,-10.001,4.211913688904681,-9.6102824089826928,491.5810000000003,0.2549374273578166,0.5434000000000017,5.749193840743333
79,GPCR_5HT2C,100,DiffSBDD_81_num_sample_100,DiffSBDD,-4.662,-4.607,10000.0,10000.0,-3.741,-3.242,-7.387,10000.0,5.463454245407997,-8.39,5.428746883113691,-7.1543871644738655,357.51600000000013,0.618573246285062,2.689800000000001,4.884587877867039
80,GPCR_5HT2C,100,DiffSBDD_82_num_sample_100,DiffSBDD,-7.936,-7.936,-5.888,10000.0,-7.448,-7.064,-6.799,-6.822,3.331814346374911,-9.846,4.358000720130042,-5.8279011679788493,473.5920000000002,0.10772330828539181,2.2233999999999994,6.04469302893083
81,GPCR_5HT2C,100,DiffSBDD_83_num_sample_100,DiffSBDD,-8.11,-6.673,-3.969,10000.0,-8.761,-7.693,-7.652,-7.152,10.823418213916218,-9.601,3.5321263793311455,-6.5142195809271861,498.5320000000002,0.2398263831442118,1.3437999999999994,4.593337318713812
82,GPCR_5HT2C,100,DiffSBDD_84_num_sample_100,DiffSBDD,-8.442,-8.193,-6.077,10000.0,-8.239,-8.203,-7.889,-7.562,3.8669953863667614,-9.24,3.684168099671657,-7.8573101767310058,320.8640000000001,0.8163988816439944,3.442420000000002,4.51564956666442
83,GPCR_5HT2C,100,DiffSBDD_85_num_sample_100,DiffSBDD,-10.13,-7.068,-7.791,10000.0,-10.934,-9.869,-9.191,-8.375,1.1625390554968704,-12.336,5.258061000867025,-8.3296939299014578,543.2140000000004,0.226248949652802,4.558400000000005,6.158725750866509
84,GPCR_5HT2C,100,DiffSBDD_86_num_sample_100,DiffSBDD,-3.865,-3.592,2.37,3.843,-3.488,-3.228,2.468,2.924,6.2665220816653955,-4.926,6.164131036119152,1.0569736186666803,159.273,0.5291127018219951,1.6681,1.8065566638406558
85,GPCR_5HT2C,100,DiffSBDD_87_num_sample_100,DiffSBDD,-8.509,-6.011,-8.262,10000.0,-8.401,-8.434,-7.639,10000.0,2.708029453311024,-9.142,2.1235423812677063,-8.2010285358309165,351.43700000000007,0.8571424949142078,3.077700000000001,4.989285980544209
86,GPCR_5HT2C,100,DiffSBDD_88_num_sample_100,DiffSBDD,-7.127,-2.919,10000.0,10000.0,-6.345,-4.892,-6.495,10000.0,9.58047429182136,-10.928,4.673550661133926,-6.6358605923071892,440.6280000000003,0.3017837370991835,4.925280000000004,6.463197301839057
87,GPCR_5HT2C,100,DiffSBDD_89_num_sample_100,DiffSBDD,-3.328,1.125,10000.0,10000.0,-2.645,-1.203,10000.0,10000.0,5.798960931649088,-10.814,11.171657243535073,-1.9643513826055585,773.9119999999999,0.10679240322944226,5.235600000000006,6.515764630770313
88,GPCR_5HT2C,100,DiffSBDD_8_num_sample_100,DiffSBDD,-5.291,-4.851,-3.166,10000.0,-5.362,-4.851,-2.999,-2.8,2.076433835614372,-6.437,6.999936498631345,-4.3271251096912424,286.52900000000005,0.5693810706425327,3.6530000000000022,3.839990982799132
89,GPCR_5HT2C,100,DiffSBDD_90_num_sample_100,DiffSBDD,-9.413,-8.951,-8.089,10000.0,-8.271,-7.186,-8.15,-8.45,0.6344986624348228,-12.736,10.532637583388693,-7.1137825420530492,543.6960000000003,0.23084163209430644,3.9776000000000025,5.681662957978636
90,GPCR_5HT2C,100,DiffSBDD_91_num_sample_100,DiffSBDD,-9.07,-8.654,-5.453,10000.0,-8.728,-7.681,-9.778,-9.588,9.573197167091044,-9.806,5.898065384814855,-7.9214254612986492,524.6550000000002,0.18719297160051643,2.7235000000000005,5.031513353302367
91,GPCR_5HT2C,100,DiffSBDD_92_num_sample_100,DiffSBDD,-7.918,-7.918,-9.584,10000.0,-6.407,-6.221,-9.547,10000.0,0.6302366258362447,-13.116,5.635160653834788,-6.5970720045224631,629.767,0.2945223987659202,0.7146000000000046,6.444304438159115
92,GPCR_5HT2C,100,DiffSBDD_93_num_sample_100,DiffSBDD,-7.291,-7.291,-8.986,10000.0,-7.108,-7.108,-10.17,-10.04,1.7218879349731393,-12.751,6.721001825224921,-7.0562434487068879,513.2130000000003,0.356776342535491,5.198200000000006,5.87139657566847
93,GPCR_5HT2C,100,DiffSBDD_94_num_sample_100,DiffSBDD,5.354,5.354,10000.0,10000.0,-1.452,-0.586,10000.0,10000.0,5.12896456412013,-8.811,,,917.0550000000001,0.01883363810187799,4.461900000000004,7.0526950571237546
94,GPCR_5HT2C,100,DiffSBDD_95_num_sample_100,DiffSBDD,-6.156,-5.764,-4.885,10000.0,-5.437,-5.193,-4.681,-4.88,4.986127608055124,-6.731,8.118439566390984,-4.9527597782076453,301.427,0.4831636011574875,2.4284000000000012,3.142968654439615
95,GPCR_5HT2C,100,DiffSBDD_96_num_sample_100,DiffSBDD,-3.743,-3.718,-2.751,-2.499,-3.531,-3.4,-2.778,-2.776,9.404110339246731,-4.526,9.715866719624843,-4.2945861177149229,175.297,0.5920535426477156,1.6078999999999999,2.5434931744935163
96,GPCR_5HT2C,100,DiffSBDD_97_num_sample_100,DiffSBDD,-7.343,-5.653,-9.511,10000.0,-9.028,-8.39,-10.04,-9.524,1.4745900527025841,-11.654,4.827070817096155,-7.8266146208301075,489.7010000000004,0.2524703384862355,5.1059000000000045,5.386059535950323
97,GPCR_5HT2C,100,DiffSBDD_98_num_sample_100,DiffSBDD,-8.8,-8.581,-5.64,-4.79,-7.884,-7.539,-5.505,-5.725,3.1563881510359275,-9.314,3.5973417718700893,-5.7080486313782348,354.5350000000001,0.6889904793739716,3.5318000000000023,4.335610492560684
98,GPCR_5HT2C,100,DiffSBDD_99_num_sample_100,DiffSBDD,-5.27,2.422,10000.0,10000.0,-4.861,-4.861,-7.403,10000.0,10.171109806324367,-10.219,11.786509268614104,-6.1428242112212779,548.7610000000004,0.3705507543392588,5.024900000000005,5.418875570877157
99,GPCR_5HT2C,100,DiffSBDD_9_num_sample_100,DiffSBDD,-2.68,-2.572,-0.1743,0.2407,-2.66,-2.497,-0.4466,-0.162,6.364866691455524,-3.918,5.87387279830956,-1.1414649768892988,72.10700000000001,0.472286034264173,0.5548,2.8281041219333343
100,GPCR_5HT2C,100,Pocket2Mol_0_num_sample_100,Pocket2Mol,-5.051,-4.717,-5.454,10000.0,-5.296,-4.422,-5.486,-4.9,5.0094096058318085,-6.592,5.272971414654596,-6.0044702184251433,131.17799999999997,0.5955701453538786,2.3493700000000004,2.337638066940766
101,GPCR_5HT2C,100,Pocket2Mol_10_num_sample_100,Pocket2Mol,-3.068,-2.909,-4.76,-4.388,-2.793,-2.427,-4.741,-4.419,5.512810541517518,-4.491,6.094302529592127,-5.5302521306329435,98.16999999999999,0.4656159934955298,2.05652,2.6475848469286944
102,GPCR_5HT2C,100,Pocket2Mol_11_num_sample_100,Pocket2Mol,-2.115,-1.702,-1.26,-0.6247,-1.617,-1.612,-0.8915,-0.6702,8.688821438923693,-3.231,4.685325180411977,-3.3493110684205938,60.05200000000001,0.4298828832001217,0.09089999999999993,1.5149307387756714
103,GPCR_5HT2C,100,Pocket2Mol_12_num_sample_100,Pocket2Mol,-2.423,-2.232,-4.383,-4.07,-2.356,-2.272,-4.414,-4.213,4.215689293184054,-3.458,5.830165826751042,-4.4475081845864093,88.106,0.4157492501598946,0.03320000000000001,2.231084394440007
104,GPCR_5HT2C,100,Pocket2Mol_13_num_sample_100,Pocket2Mol,-3.027,-2.404,-4.048,-3.712,-2.753,-2.347,-4.03,-3.672,5.111334475294423,-4.486,4.5172523166361005,-5.0036833379860797,83.08999999999999,0.439188042424394,0.020000000000000073,3.7202545301866135
105,GPCR_5HT2C,100,Pocket2Mol_14_num_sample_100,Pocket2Mol,-2.272,-2.186,-4.182,-3.986,-2.357,-1.938,-4.159,-4.02,4.684079640121419,-3.69,4.8869078274550555,-4.4963694448643237,88.062,0.395310501894485,0.15320000000000006,2.785696159145891
106,GPCR_5HT2C,100,Pocket2Mol_15_num_sample_100,Pocket2Mol,-2.748,-2.323,-4.373,-4.031,-2.583,-2.438,-4.47,-4.197,5.8756596134675245,-4.404,5.187476716952873,-4.6802922052976665,86.08999999999999,0.3967776605314054,0.3234,2.4724391455712276
107,GPCR_5HT2C,100,Pocket2Mol_16_num_sample_100,Pocket2Mol,-3.596,-3.191,-4.807,-4.435,-3.289,-2.96,-4.798,-4.655,5.503245445038168,-4.727,4.922683231281003,-5.3129868327532606,84.162,0.42179147361668384,2.1965000000000003,1.5726834894626336
108,GPCR_5HT2C,100,Pocket2Mol_17_num_sample_100,Pocket2Mol,-3.005,-2.741,-4.405,-4.11,-2.895,-2.771,-4.515,-4.218,5.382380580808709,-4.466,4.160366139290869,-5.3641820293458631,86.134,0.46448993193719695,0.9213,1.8898744396888763
109,GPCR_5HT2C,100,Pocket2Mol_18_num_sample_100,Pocket2Mol,-3.464,-3.051,-4.701,-4.448,-3.51,-2.972,-4.702,-4.577,5.2696052739587,-4.748,4.590410722296825,-5.0714904279811561,84.162,0.42231618686094674,2.3406000000000002,1.0
110,GPCR_5HT2C,100,Pocket2Mol_19_num_sample_100,Pocket2Mol,-2.815,-2.229,-4.356,-4.063,-2.527,-2.314,-4.422,-4.069,5.484617233377975,-4.411,4.803548266611429,-4.7356856373218168,84.074,0.3980844137850428,0.44699999999999995,3.7705242134445314
111,GPCR_5HT2C,100,Pocket2Mol_1_num_sample_100,Pocket2Mol,-4.516,-4.36,-4.969,-4.849,-4.451,-4.148,-4.953,-4.844,3.469629425889746,-6.03,5.587016915836875,-6.5416925954785645,135.166,0.5168290117782655,0.8962999999999999,4.497178273138639
112,GPCR_5HT2C,100,Pocket2Mol_20_num_sample_100,Pocket2Mol,-3.118,-2.62,-4.867,-4.501,-2.957,-2.367,-4.711,-4.305,4.536678649077977,-4.324,3.76717555783505,-5.0459955811959958,83.08999999999999,0.45930111020247577,0.7253999999999998,3.1660092813178355
113,GPCR_5HT2C,100,Pocket2Mol_21_num_sample_100,Pocket2Mol,-3.125,-2.712,-4.368,-4.3,-2.971,-2.442,-5.114,-4.117,4.0616173492423755,-4.042,4.486406853995707,-5.2206917072435335,81.118,0.4392057746620909,1.0251,2.8873187835802785
114,GPCR_5HT2C,100,Pocket2Mol_22_num_sample_100,Pocket2Mol,-2.077,-2.014,-3.8,-3.791,-2.223,-2.156,-3.922,-3.784,5.3171631569381095,-3.201,11.58704078174348,-3.6312240904254143,58.080000000000005,0.3982369618339747,0.5952999999999999,1.6549326618525964
115,GPCR_5HT2C,100,Pocket2Mol_23_num_sample_100,Pocket2Mol,-2.409,-2.365,-4.346,-4.234,-2.51,-2.308,-4.325,-4.175,4.4803455960450185,-3.87,4.909854089592208,-4.878448105282188,88.106,0.4258802125078894,0.3792,3.09711244873865
116,GPCR_5HT2C,100,Pocket2Mol_24_num_sample_100,Pocket2Mol,-3.018,-2.845,-4.78,-4.625,-2.907,-2.74,-4.692,-4.582,4.551853093887514,-4.094,4.32459232223819,-5.2342431448242923,99.15799999999999,0.47943025980521636,1.45152,3.3507739872001894
117,GPCR_5HT2C,100,Pocket2Mol_25_num_sample_100,Pocket2Mol,-2.122,-1.925,-2.475,-2.314,-2.026,-1.937,-2.453,-2.369,5.050576146177121,-3.336,5.0240680672667715,-3.0337878208429738,90.122,0.4632611164076684,0.2792,1.6600343944400073
118,GPCR_5HT2C,100,Pocket2Mol_26_num_sample_100,Pocket2Mol,-2.797,-2.577,-4.109,-4.005,-2.801,-2.437,-3.848,-3.992,5.022906286702949,-3.986,5.429968047381035,-4.6122027644385888,83.134,0.3851053504833924,0.488,3.2540626749829933
119,GPCR_5HT2C,100,Pocket2Mol_27_num_sample_100,Pocket2Mol,-4.027,-3.708,-5.669,-4.992,-4.509,-3.813,-5.643,-5.076,3.812727512836822,-5.662,3.517804737495429,-5.8408264582248046,92.14099999999998,0.4588062796575454,1.99502,1.0
120,GPCR_5HT2C,100,Pocket2Mol_28_num_sample_100,Pocket2Mol,-2.739,-2.551,-4.496,-4.215,-2.648,-2.339,-4.343,-4.319,5.028379504373153,-4.163,4.397985614061899,-4.890322991422245,102.089,0.3888163964787349,-0.44020000000000015,2.810940509601002
121,GPCR_5HT2C,100,Pocket2Mol_29_num_sample_100,Pocket2Mol,-3.675,-3.313,-4.61,-4.597,-3.47,-2.832,-5.49,-4.471,5.275463021520344,-5.135,4.913225961572847,-5.9986207999382151,94.11299999999997,0.514729544768675,1.3921999999999997,1.1765612788317714
122,GPCR_5HT2C,100,Pocket2Mol_2_num_sample_100,Pocket2Mol,-2.279,-2.071,-2.019,-2.014,-2.275,-1.777,-2.104,-1.977,5.214344365689706,-3.968,5.1236634653493205,-3.140124946810722,74.12299999999999,0.5128217987135145,0.7787999999999999,1.8791313408682448
123,GPCR_5HT2C,100,Pocket2Mol_30_num_sample_100,Pocket2Mol,-3.807,-3.517,-4.731,-4.472,-3.763,-2.939,-4.843,-4.374,5.612631605838488,-5.288,5.18476044323259,-5.7903722179765751,93.12899999999996,0.48007546344555985,1.2688,1.2633697403702335
124,GPCR_5HT2C,100,Pocket2Mol_31_num_sample_100,Pocket2Mol,-3.248,-3.084,-4.815,-4.826,-3.794,-3.303,-4.936,-4.918,5.473151630198351,-5.614,4.312115628749686,-5.2684233552114366,98.145,0.448625540575247,1.5196,2.0078358942163863
125,GPCR_5HT2C,100,Pocket2Mol_32_num_sample_100,Pocket2Mol,-2.248,-2.507,-4.62,-4.062,-2.408,-2.32,-4.128,-4.08,4.482618944959997,-3.89,5.072230872590975,-5.255962959365851,104.10499999999999,0.4802035052340686,-0.6483999999999999,3.0429258942163857
126,GPCR_5HT2C,100,Pocket2Mol_33_num_sample_100,Pocket2Mol,-1.597,-1.349,-0.8717,-0.7554,-1.717,-1.318,-0.8872,-0.8634,9.691314430973746,-3.467,5.839289513988796,-1.8662825219372792,62.068000000000005,0.40752789066641704,-1.0290000000000001,2.276784584929519
127,GPCR_5HT2C,100,Pocket2Mol_34_num_sample_100,Pocket2Mol,-4.052,-3.197,-5.136,-4.256,-3.783,-3.056,-5.2,-4.445,4.896181521786719,-5.441,4.315943351884134,-5.7980544582961802,96.104,0.46184033029146143,1.8256999999999999,1.0
128,GPCR_5HT2C,100,Pocket2Mol_35_num_sample_100,Pocket2Mol,-1.864,-1.864,-4.423,-4.349,-2.028,-2.028,-4.612,-4.369,4.997752135710614,-4.112,4.232259252917626,-5.1252218087045804,102.133,0.44111814422325407,0.4233,2.179368641469134
129,GPCR_5HT2C,100,Pocket2Mol_36_num_sample_100,Pocket2Mol,-3.864,-3.365,-4.987,-4.325,-3.275,-3.178,-5.052,-4.701,5.502149993152027,-5.282,4.773283889523108,-5.623009369538237,100.161,0.4863248839438126,1.3114,1.8182543557548474
130,GPCR_5HT2C,100,Pocket2Mol_37_num_sample_100,Pocket2Mol,-3.305,-2.721,-4.458,-4.371,-3.257,-2.925,-4.534,-4.424,5.100126813269307,-5.254,4.6272931445224454,-5.2021413881270417,96.08499999999998,0.4740663170949623,0.6397999999999999,2.396262048062539
131,GPCR_5HT2C,100,Pocket2Mol_38_num_sample_100,Pocket2Mol,-3.511,-3.038,-4.584,-4.573,-3.718,-3.244,-4.722,-4.558,5.441834118199488,-5.471,4.1044256214977475,-5.2687163750391512,98.145,0.49097431760981713,2.0023,2.889794355754848
132,GPCR_5HT2C,100,Pocket2Mol_39_num_sample_100,Pocket2Mol,-1.922,-1.922,-4.612,-4.29,-1.938,-1.938,-4.719,-4.451,4.350304569468999,-3.821,4.197841411842027,-4.8115414809406518,104.10499999999999,0.4314554595233663,-0.0351999999999999,3.0680807293812222
133,GPCR_5HT2C,100,Pocket2Mol_3_num_sample_100,Pocket2Mol,-2.183,-2.032,-4.233,-3.825,-2.07,-1.86,-4.259,-3.819,5.494353900323494,-3.611,5.92211499618567,-4.6347445657091395,68.075,0.44603148755014616,1.2796,3.4100345361345177
134,GPCR_5HT2C,100,Pocket2Mol_40_num_sample_100,Pocket2Mol,-3.671,-3.445,-4.932,-4.76,-3.553,-3.196,-4.844,-4.771,3.8269793705816,-5.086,4.4941637329233055,-5.238467182683455,95.10099999999998,0.43153299075234863,0.5437000000000001,3.2745636674957375
135,GPCR_5HT2C,100,Pocket2Mol_41_num_sample_100,Pocket2Mol,-3.829,-3.412,-5.15,-4.74,-3.437,-2.819,-5.131,-4.705,5.307821644651277,-5.086,4.801845880625983,-5.824992549208698,112.19699999999997,0.4830395759177518,2.3649400000000007,2.1351053679005965
136,GPCR_5HT2C,100,Pocket2Mol_42_num_sample_100,Pocket2Mol,-2.317,-1.924,-0.4588,10000.0,-2.296,-2.213,0.06587,0.277,9.225186612436936,-4.086,5.650648798640295,-4.610785132849978,104.06099999999998,0.3239550457995007,-0.756,2.2186444010037167
137,GPCR_5HT2C,100,Pocket2Mol_43_num_sample_100,Pocket2Mol,-2.014,-2.014,-4.45,-4.322,-2.019,-2.019,-4.45,-4.441,5.300856246737074,-4.131,4.707180278927897,-5.2466163173922116,100.11699999999998,0.44219820121012926,0.5469,3.605542267842761
138,GPCR_5HT2C,100,Pocket2Mol_44_num_sample_100,Pocket2Mol,-1.696,-1.053,-3.554,-3.151,-1.614,-1.63,-3.668,-3.674,9.649910336889146,-3.349,5.509926837342828,-4.5102335889325698,62.068000000000005,0.4179983966500295,-0.41739999999999994,2.601476892621827
139,GPCR_5HT2C,100,Pocket2Mol_45_num_sample_100,Pocket2Mol,-3.355,-3.234,-4.693,-4.383,-3.206,-2.933,-4.704,-4.639,4.865784380608272,-4.774,4.0313169088496,-5.1377519684133732,100.117,0.41897611120492895,0.7134999999999999,2.2848766634471556
140,GPCR_5HT2C,100,Pocket2Mol_46_num_sample_100,Pocket2Mol,-2.389,-1.977,-1.471,10000.0,-2.305,-2.234,-1.203,-0.8995,9.28868940809197,-4.177,4.911220816654872,-4.993560951766729,103.077,0.30398618074987616,-1.3553000000000002,2.4241457584697805
141,GPCR_5HT2C,100,Pocket2Mol_47_num_sample_100,Pocket2Mol,-2.378,-2.378,-4.776,10000.0,-2.346,-2.346,-5.204,-4.75,4.478055144116697,-4.768,4.441908687719067,-5.403471762992762,116.15999999999998,0.4660345449377662,0.8118000000000001,2.9067819697961514
142,GPCR_5HT2C,100,Pocket2Mol_48_num_sample_100,Pocket2Mol,-3.62,-3.422,-4.887,-4.683,-3.72,-3.274,-5.268,-4.716,5.105761825746477,-5.55,3.8505234678835705,-5.3636771009383972,110.11199999999998,0.5454058446845588,0.9573,2.9378537848603745
143,GPCR_5HT2C,100,Pocket2Mol_49_num_sample_100,Pocket2Mol,-4.009,-3.749,-4.946,-4.735,-4.001,-3.408,-5.007,-4.621,5.205888416855474,-5.784,4.641797365849503,-6.3520805686034958,108.13999999999996,0.5359354364287862,1.7006199999999998,1.405027910734498
144,GPCR_5HT2C,100,Pocket2Mol_4_num_sample_100,Pocket2Mol,-2.799,-2.757,-4.512,-4.292,-3.195,-2.469,-4.791,-4.274,4.0539041165276695,-4.251,3.7929473277037693,-4.9899118995832792,64.087,0.37193791467948784,1.2675,5.432985305365286
145,GPCR_5HT2C,100,Pocket2Mol_50_num_sample_100,Pocket2Mol,-3.621,-3.36,-4.642,-4.271,-3.523,-3.096,-5.461,-4.369,4.78823382221984,-5.507,4.203776490423017,-6.0779522825120198,110.11199999999997,0.5245841402909771,1.0977999999999997,1.686520218426807
146,GPCR_5HT2C,100,Pocket2Mol_51_num_sample_100,Pocket2Mol,-4.567,-4.021,-5.334,-4.957,-4.589,-3.527,-5.936,-4.798,4.7286860089511125,-6.156,4.804930550765395,-6.1399291336373745,106.16799999999996,0.4757576853403209,2.30344,1.0
147,GPCR_5HT2C,100,Pocket2Mol_52_num_sample_100,Pocket2Mol,-3.91,-3.701,-4.975,-4.772,-3.445,-3.436,-4.802,-4.609,4.462119077439551,-6.169,4.698789341126791,-6.5261294540458747,108.13999999999996,0.5359354364287862,1.7006199999999998,1.4995530855596755
148,GPCR_5HT2C,100,Pocket2Mol_53_num_sample_100,Pocket2Mol,-3.771,-3.419,-4.332,-4.588,-3.99,-3.183,-4.769,-4.413,6.004093663180979,-5.769,5.948737808408877,-5.2558135865715858,108.14400000000002,0.5375123323676085,0.9722199999999999,1.9223013373079265
149,GPCR_5HT2C,100,Pocket2Mol_54_num_sample_100,Pocket2Mol,-4.255,-4.036,-5.012,-4.748,-4.22,-3.322,-5.329,-4.769,5.631707235266228,-5.887,4.509564204374007,-6.1175740739045219,107.15599999999996,0.5002819996278854,1.57722,1.5329097289163176
150,GPCR_5HT2C,100,Pocket2Mol_55_num_sample_100,Pocket2Mol,-1.743,-1.743,-4.066,-3.595,-1.857,-1.634,-3.97,-3.687,5.091097887489494,-3.106,6.07167541605796,-4.4542609509176474,74.07900000000001,0.4020858486861461,-0.009299999999999975,2.90882222844221
151,GPCR_5HT2C,100,Pocket2Mol_56_num_sample_100,Pocket2Mol,-4.195,-3.707,-5.145,-4.739,-4.066,-3.258,-5.009,-4.534,5.736465206793289,-5.536,4.946620339399468,-5.8502427911374548,107.15599999999998,0.49138777691763613,1.69844,1.700064274370865
152,GPCR_5HT2C,100,Pocket2Mol_57_num_sample_100,Pocket2Mol,-4.248,-4.072,-5.048,-5.024,-4.222,-3.696,-5.339,-4.858,4.590606478859846,-5.675,4.2606496534685,-6.2380896549563438,108.13999999999997,0.5359354364287862,1.70062,1.2581831554897462
153,GPCR_5HT2C,100,Pocket2Mol_58_num_sample_100,Pocket2Mol,-3.926,-3.617,-4.823,-4.778,-3.746,-3.143,-4.842,-4.583,6.109041957827758,-5.956,5.7764178754059055,-5.9305057115472497,107.156,0.5002819996278854,1.5772199999999998,1.328842596049185
154,GPCR_5HT2C,100,Pocket2Mol_59_num_sample_100,Pocket2Mol,-3.942,-3.664,-4.839,-4.473,-3.655,-3.056,-4.726,-4.497,5.187268335188568,-5.362,4.775348515239686,-5.9259267794460957,108.14399999999998,0.4839273658917496,0.8510000000000002,1.7234957429023332
155,GPCR_5HT2C,100,Pocket2Mol_5_num_sample_100,Pocket2Mol,-2.414,-2.324,-4.368,-4.41,-2.56,-2.404,-4.38,-4.268,5.1131828433960775,-3.705,3.6770347807944352,-4.6568393856503221,69.10699999999999,0.39960950981584775,0.851,3.9895329976729794
156,GPCR_5HT2C,100,Pocket2Mol_60_num_sample_100,Pocket2Mol,-3.34,-3.02,-4.068,-4.06,-2.67,-2.67,-4.238,-3.867,5.136117942449336,-4.873,4.119873565886836,-4.8373211640709215,111.09999999999998,0.5603979586363105,0.7128999999999999,2.3941027359093248
157,GPCR_5HT2C,100,Pocket2Mol_61_num_sample_100,Pocket2Mol,-3.237,-3.132,-4.674,-4.38,-3.112,-2.928,-4.692,-4.508,4.902771899395279,-4.979,4.998753233089776,-5.1673250851977759,116.11999999999999,0.3647293984727174,0.27390000000000003,2.9883985401051287
158,GPCR_5HT2C,100,Pocket2Mol_62_num_sample_100,Pocket2Mol,-3.007,-2.392,-1.428,-1.201,-3.027,-2.682,10000.0,-1.854,4.362875726943184,-4.283,4.4231426485643395,-2.9910913754298374,120.14799999999997,0.5036567530160059,-0.2763000000000002,3.0267706380072266
159,GPCR_5HT2C,100,Pocket2Mol_63_num_sample_100,Pocket2Mol,-3.114,-2.975,-4.735,-4.522,-2.934,-2.933,-4.67,-4.516,5.49070194965999,-4.942,4.612806900839431,-5.2017496749694612,114.104,0.27467771849037875,0.049899999999999944,3.8736775610841505
160,GPCR_5HT2C,100,Pocket2Mol_64_num_sample_100,Pocket2Mol,-3.49,-3.172,-4.876,-4.546,-4.154,-3.458,-5.557,-4.659,4.207957353930765,-5.161,4.280664832593942,-6.0405283821437914,109.12799999999999,0.4875296866315732,0.9743999999999997,1.8039293093358992
161,GPCR_5HT2C,100,Pocket2Mol_65_num_sample_100,Pocket2Mol,-3.366,-3.265,-5.428,-4.623,-3.619,-3.38,-5.394,-5.093,5.238289462100201,-5.241,3.248022945794583,-5.8687044320682613,113.164,0.38343881128662527,-0.015799999999999703,3.2178996346627455
162,GPCR_5HT2C,100,Pocket2Mol_66_num_sample_100,Pocket2Mol,-2.341,-1.774,-1.866,-1.674,-1.895,-1.542,-1.891,-1.807,9.355302578751795,-3.514,5.866585437095381,-2.8341438786235971,76.095,0.48573367049540345,-0.3749,2.14296447696292
163,GPCR_5HT2C,100,Pocket2Mol_67_num_sample_100,Pocket2Mol,-3.35,-2.808,-4.595,-4.384,-3.368,-3.035,-4.532,-4.387,4.839668253093385,-5.295,4.160497229401326,-5.6479272658787281,112.08399999999997,0.5262606030981423,0.3454,2.484662875769466
164,GPCR_5HT2C,100,Pocket2Mol_68_num_sample_100,Pocket2Mol,-4.798,-4.604,-5.623,-5.543,-4.858,-4.145,-5.311,-5.096,5.329221992519692,-6.593,5.280043357470499,-6.5557490829869227,118.17899999999999,0.48947695058073354,2.1753,1.4142331354306847
165,GPCR_5HT2C,100,Pocket2Mol_69_num_sample_100,Pocket2Mol,-3.555,-3.32,-5.021,-4.714,-3.81,-3.506,-4.745,-4.765,6.034802543303854,-5.998,5.563692900588331,-6.0605169001884498,122.12299999999996,0.5176682759164257,1.4153,1.5241767251742733
166,GPCR_5HT2C,100,Pocket2Mol_6_num_sample_100,Pocket2Mol,-1.781,-1.76,-1.773,-1.442,-1.847,-1.845,-1.764,-1.564,9.017525495278624,-3.583,5.597472533321212,-2.181185201573026,74.07900000000001,0.38296659073251405,0.1792999999999999,1.7363164941764762
167,GPCR_5HT2C,100,Pocket2Mol_70_num_sample_100,Pocket2Mol,-4.695,-4.271,-4.892,-4.999,-4.347,-3.883,-4.904,-4.805,5.0911544933890545,-6.077,5.708498076437494,-6.1252959122420227,120.15499999999999,0.4853699478873795,0.4727,4.661936206350044
168,GPCR_5HT2C,100,Pocket2Mol_71_num_sample_100,Pocket2Mol,-4.057,-3.864,-4.789,-4.587,-3.996,-3.606,-4.969,-4.64,5.364387832114055,-5.871,4.777328992796649,-6.4470234510105016,124.13899999999995,0.5485235528461613,1.4062199999999996,1.7762222379947872
169,GPCR_5HT2C,100,Pocket2Mol_72_num_sample_100,Pocket2Mol,-4.843,-4.791,-5.502,-5.498,-4.659,-3.999,-5.424,-5.155,4.672438961969791,-6.621,4.873973892047912,-6.6453012763583859,114.14699999999998,0.4581802918228429,0.4163000000000001,4.077966468764019
170,GPCR_5HT2C,100,Pocket2Mol_73_num_sample_100,Pocket2Mol,-4.08,-3.939,-5.544,-5.155,-4.11,-3.552,-5.526,-5.311,4.873346553105643,-5.877,4.434889546496345,-6.0944407317367189,118.13900000000001,0.45242274709899305,0.9655,4.203504930302479
171,GPCR_5HT2C,100,Pocket2Mol_74_num_sample_100,Pocket2Mol,-4.377,-4.331,-5.36,-5.365,-4.349,-3.959,-5.317,-5.261,5.099999960784313,-6.248,5.070164825202202,-6.2562363423780498,117.15099999999998,0.45676757061826645,0.10030000000000006,3.050812622610173
172,GPCR_5HT2C,100,Pocket2Mol_75_num_sample_100,Pocket2Mol,-4.371,-4.153,-5.413,-5.169,-4.284,-4.239,-5.41,-5.41,4.735008058305943,-5.73,4.857892042224327,-6.1481747226970525,124.18699999999998,0.47395261485812906,1.2304000000000002,3.928423385837223
173,GPCR_5HT2C,100,Pocket2Mol_76_num_sample_100,Pocket2Mol,-3.856,-3.362,-5.168,-4.71,-3.682,-3.231,-5.154,-4.831,4.704857292085371,-5.608,4.867358175380939,-5.3411132251150333,124.09499999999997,0.5055003474087105,0.13629999999999992,2.6812876226101725
174,GPCR_5HT2C,100,Pocket2Mol_77_num_sample_100,Pocket2Mol,-3.022,-2.474,-4.366,-4.266,-3.022,-2.622,-4.435,-4.325,5.295932872875185,-4.277,4.140195578336632,-4.6938121101404731,70.135,0.40836192922302755,1.9505000000000001,1.0
175,GPCR_5HT2C,100,Pocket2Mol_78_num_sample_100,Pocket2Mol,-4.233,-3.567,-5.435,-4.826,-4.156,-3.696,-5.976,-5.107,5.136747893582303,-5.974,4.570728961164315,-5.8101664494170615,122.12299999999995,0.6106035394285075,1.3848,1.0549172379947862
176,GPCR_5HT2C,100,Pocket2Mol_79_num_sample_100,Pocket2Mol,-4.885,-4.798,-5.553,-5.486,-4.769,-4.282,-5.483,-5.118,4.579122126443986,-6.64,5.095025624508347,-6.5421586363618456,116.16299999999997,0.45494518060225647,2.2248,4.114982360196198
177,GPCR_5HT2C,100,Pocket2Mol_7_num_sample_100,Pocket2Mol,-3.039,-2.793,-4.255,-4.405,-2.998,-2.444,-4.41,-4.12,5.314265437104171,-4.384,4.479010453025845,-4.9425705191417215,68.11899999999999,0.37908242774858664,1.7265,2.733714536134517
178,GPCR_5HT2C,100,Pocket2Mol_80_num_sample_100,Pocket2Mol,-4.362,-4.046,-5.294,-4.991,-4.447,-3.823,-5.437,-5.069,5.459304020151694,-6.362,5.220157822623204,-6.4508282979151019,120.15099999999995,0.5163635148900696,1.80752,1.5219812379947868
179,GPCR_5HT2C,100,Pocket2Mol_81_num_sample_100,Pocket2Mol,-4.524,-4.283,-5.351,-5.161,-4.207,-3.545,-5.349,-4.79,4.9891610843463,-6.043,5.013133782394855,-6.1377938150629134,118.13899999999998,0.5583728365871126,1.5628999999999997,2.503110058507607
180,GPCR_5HT2C,100,Pocket2Mol_82_num_sample_100,Pocket2Mol,-4.346,-3.917,-5.014,-4.669,-4.358,-3.818,-5.798,-5.385,6.360406671921397,-6.261,6.135417742437502,-6.1628160254035436,121.13900000000001,0.5859367170668044,0.7855000000000001,1.1592175456870955
181,GPCR_5HT2C,100,Pocket2Mol_83_num_sample_100,Pocket2Mol,-4.717,-4.572,-5.341,-5.276,-4.676,-3.822,-5.393,-4.902,5.205425669540494,-6.307,4.858411848589401,-6.3211765853443342,117.15099999999998,0.5439155908694729,2.1679,1.7397972379947877
182,GPCR_5HT2C,100,Pocket2Mol_84_num_sample_100,Pocket2Mol,-2.738,-2.738,-5.426,-4.715,-2.704,-2.704,-5.265,-5.127,3.2414328033894027,-4.878,3.316902018858058,-5.835587687996652,130.14299999999997,0.5107015818879695,0.2554,4.281262155067992
183,GPCR_5HT2C,100,Pocket2Mol_85_num_sample_100,Pocket2Mol,-3.614,-3.191,-4.827,10000.0,-3.811,-3.271,-5.14,-3.653,5.5051418203550595,-5.38,5.328277718869871,-5.6608588531004198,126.11099999999996,0.5469972547545139,0.843,3.381245314917865
184,GPCR_5HT2C,100,Pocket2Mol_86_num_sample_100,Pocket2Mol,-4.041,-3.493,-5.234,10000.0,-4.245,-3.474,-5.171,-4.709,5.0677470939045275,-5.843,3.7379580033405193,-6.482539052714932,124.13899999999997,0.5131220403965512,1.4062199999999998,1.6528414687640183
185,GPCR_5HT2C,100,Pocket2Mol_87_num_sample_100,Pocket2Mol,-4.154,-3.835,-5.438,-5.123,-4.211,-3.797,-5.564,-5.356,5.231179758376159,-6.374,4.482947712183773,-6.0650930718775422,119.16699999999996,0.547094947748825,2.07437,1.8129498533794024
186,GPCR_5HT2C,100,Pocket2Mol_88_num_sample_100,Pocket2Mol,-2.501,-2.285,-3.957,-3.896,-2.608,-2.055,-3.923,-3.677,5.33430159102389,-3.659,5.586896802758056,-4.4647773098027503,71.12299999999999,0.4347944578283113,0.36979999999999996,2.1924683822883626
187,GPCR_5HT2C,100,Pocket2Mol_89_num_sample_100,Pocket2Mol,-4.768,-4.587,-5.721,-5.542,-5.169,-3.964,-5.28,-5.158,5.349934631584039,-6.577,5.4857820549062515,-6.6232647853085771,116.16299999999998,0.48738988825368246,2.2559000000000005,2.2258074944050428
188,GPCR_5HT2C,100,Pocket2Mol_8_num_sample_100,Pocket2Mol,-3.455,-3.26,-4.806,-4.59,-3.236,-2.873,-4.836,-4.533,4.592532897541399,-5.026,4.084015663716166,-5.4383678603866645,78.11399999999999,0.4426283718993647,1.6866,1.0
189,GPCR_5HT2C,100,Pocket2Mol_90_num_sample_100,Pocket2Mol,-3.631,-3.472,-5.187,-4.739,-3.662,-3.332,-5.041,-4.778,4.710350016482614,-5.771,5.012853289444734,-5.9502549742493009,123.11099999999999,0.4792789304762388,-0.463,2.786558776456326
190,GPCR_5HT2C,100,Pocket2Mol_91_num_sample_100,Pocket2Mol,-4.247,-3.914,-5.197,-5.149,-4.392,-3.909,-5.239,-5.3,4.790048909979939,-6.309,4.599742400504851,-6.4221031560640789,115.13499999999998,0.49769832213185355,2.0145999999999997,3.8174792892768377
191,GPCR_5HT2C,100,Pocket2Mol_92_num_sample_100,Pocket2Mol,-5.251,-5.151,-5.656,-5.716,-5.043,-4.436,-5.799,-5.469,4.585169029381576,-7.187,4.766717812996191,-6.7979900479530828,128.17399999999998,0.5114311994891171,2.8398000000000003,1.0
192,GPCR_5HT2C,100,Pocket2Mol_93_num_sample_100,Pocket2Mol,-4.92,-4.864,-5.652,-5.558,-4.743,-4.187,-5.41,-5.325,5.226300005931538,-6.78,5.0604982941961065,-6.5547143206443588,129.16199999999998,0.5311915584041306,2.2348,1.3477370589832063
193,GPCR_5HT2C,100,Pocket2Mol_94_num_sample_100,Pocket2Mol,-4.882,-4.601,-5.434,-5.042,-4.854,-4.499,-5.424,-5.275,5.129107655138464,-6.546,4.3848913794440785,-6.5010306078475271,130.146,0.528634874560189,0.12190000000000006,4.187078385243153
194,GPCR_5HT2C,100,Pocket2Mol_95_num_sample_100,Pocket2Mol,-4.495,-4.03,-5.494,-5.121,-4.591,-3.977,-5.646,-5.366,4.59179991746156,-6.348,4.330197512076257,-6.0905091227229944,132.12199999999999,0.47261322249040166,0.4921,3.7949600828558845
195,GPCR_5HT2C,100,Pocket2Mol_96_num_sample_100,Pocket2Mol,-4.058,-4.024,-5.281,-4.919,-4.438,-3.695,-5.131,-4.786,4.2140103770636355,-5.763,4.554289159458543,-6.1642769661000383,136.154,0.543992371721209,0.23149999999999987,2.79700093166225
196,GPCR_5HT2C,100,Pocket2Mol_97_num_sample_100,Pocket2Mol,-4.971,-4.872,-5.983,-5.591,-4.641,-4.178,-5.666,-5.365,4.545393622778998,-6.753,4.825304065364793,-6.6842585611020642,129.162,0.5311915584041306,2.2348,1.542224751290897
197,GPCR_5HT2C,100,Pocket2Mol_98_num_sample_100,Pocket2Mol,-4.216,-3.839,-5.379,-4.858,-4.139,-4.048,-4.817,-5.051,5.903311658552345,-6.636,6.009202266819133,-6.3867514568621804,136.14999999999998,0.540310891015898,1.72372,1.6820370059328074
198,GPCR_5HT2C,100,Pocket2Mol_99_num_sample_100,Pocket2Mol,-2.411,-1.952,-4.25,-3.744,-2.308,-1.98,-4.248,-3.99,5.757630547021925,-3.59,5.250681436509435,-4.5277799214795724,72.107,0.4109376010493491,0.7968000000000001,2.0262776130575944
199,GPCR_5HT2C,100,Pocket2Mol_9_num_sample_100,Pocket2Mol,-2.948,-2.731,-4.47,-4.437,-2.786,-2.426,-4.343,-4.143,4.671797304571335,-4.317,4.464066900105009,-5.0059045824287454,83.08999999999999,0.41591891669114184,0.37760000000000005,3.712142312992043
0,generic_title2,50,DiffSBDD_0_num_sample_50,DiffSBDD,-8.609,-7.677,-8.555,10000.0,-9.291,-8.5,-7.843,-6.891,1.867291613206143,-9.695,4.5075350220182955,-7.4205811365235332,475.50800000000015,0.5009058674408396,2.1082,5.204293294303788
1,generic_title2,50,DiffSBDD_10_num_sample_50,DiffSBDD,-6.209,-4.79,10000.0,10000.0,-5.885,-4.51,10000.0,10000.0,10.816381639194592,-8.419,8.842958845457215,-5.7810669611280847,523.6970000000005,0.035111751456717286,0.664670000000001,6.113785994107551
2,generic_title2,50,DiffSBDD_11_num_sample_50,DiffSBDD,-7.827,-7.827,10000.0,-7.294,-7.743,-7.743,-9.555,-9.035,2.6314653827489467,-10.274,12.075434953401471,-7.4434506063367429,476.53600000000023,0.5500098733752404,2.5646000000000004,5.040139302753142
3,generic_title2,50,DiffSBDD_12_num_sample_50,DiffSBDD,-9.616,-8.464,-7.007,10000.0,-7.904,-7.07,-7.107,10000.0,1.2868627271668989,-10.233,11.398012486860502,-4.9176126741668265,410.5360000000002,0.48504132133937394,6.169200000000007,4.51803438549212
4,generic_title2,50,DiffSBDD_13_num_sample_50,DiffSBDD,-10.81,-9.365,-9.797,10000.0,-11.302,-10.861,-10.08,-9.767,0.8065789579356849,-11.066,1.2561592748142434,-7.5974097959945732,385.91600000000017,0.581088122450103,5.545000000000004,3.8561110339289177
5,generic_title2,50,DiffSBDD_14_num_sample_50,DiffSBDD,-7.592,-1.002,10000.0,10000.0,-6.672,-5.635,10000.0,-3.995,6.824032634296191,-9.205,4.402057662611729,-6.8396949504135174,476.63900000000024,0.531622471479226,2.697400000000001,5.1605700440622595
6,generic_title2,50,DiffSBDD_15_num_sample_50,DiffSBDD,6.935,10.097,10000.0,10000.0,5.806,7.972,10000.0,10000.0,13.062503466506717,-8.17,13.47504134616069,-6.6422533175242275,673.863,0.25838310469856973,5.192200000000007,5.739732703658365
7,generic_title2,50,DiffSBDD_16_num_sample_50,DiffSBDD,-1.906,5.189,-5.728,10000.0,-3.552,-2.436,10000.0,10000.0,4.239049709684526,-11.046,,,485.71300000000036,0.4099267793411447,5.408200000000004,5.5172228401867285
8,generic_title2,50,DiffSBDD_17_num_sample_50,DiffSBDD,-6.727,-3.63,-3.838,10000.0,-6.757,-5.651,-3.96,10000.0,10.138291388060948,-8.926,11.072407208407062,-6.6086614353768018,377.5540000000001,0.7293250842598695,2.8866000000000014,3.7831168620716085
9,generic_title2,50,DiffSBDD_18_num_sample_50,DiffSBDD,-5.972,-5.886,10000.0,10000.0,-5.144,-5.144,-7.37,10000.0,9.25202768566417,-9.525,10.093368404089121,-7.1100723541724351,385.5730000000002,0.7661797242783156,4.677000000000004,5.175946713057636
10,generic_title2,50,DiffSBDD_19_num_sample_50,DiffSBDD,-3.993,-2.269,10000.0,10000.0,-5.124,-4.495,10000.0,10000.0,3.0648999356234485,-10.986,6.103929845280893,-5.6198173764130495,545.6290000000005,0.3065506219458639,3.6193000000000026,6.721090335835944
11,generic_title2,50,DiffSBDD_1_num_sample_50,DiffSBDD,-4.768,-2.142,10000.0,10000.0,-7.173,-6.674,-8.751,10000.0,4.4942880754971135,-8.682,12.743411084186894,-4.6246291704642681,512.6720000000003,0.4446640961111668,4.735700000000004,5.513442969199249
12,generic_title2,50,DiffSBDD_20_num_sample_50,DiffSBDD,-6.225,-4.887,10000.0,10000.0,-6.693,-5.386,-6.932,10000.0,,,4.911232677156023,-7.3405494338585537,483.61900000000014,0.2823906543803952,5.656700000000007,6.6862741727480115
13,generic_title2,50,DiffSBDD_21_num_sample_50,DiffSBDD,-3.938,-3.938,10000.0,10000.0,-4.899,-4.811,-7.455,10000.0,1.4428176022399135,-11.061,5.425725743790782,-4.9671906610188623,427.46300000000025,0.5696471492477204,4.019800000000003,4.695619021957172
14,generic_title2,50,DiffSBDD_22_num_sample_50,DiffSBDD,-0.491,-0.491,10000.0,10000.0,-2.246,-2.246,-6.081,10000.0,8.411639170914707,-6.606,6.629420389021974,-4.4171119797295884,370.58000000000015,0.6942500139454193,3.4453000000000022,7.466969880496661
15,generic_title2,50,DiffSBDD_23_num_sample_50,DiffSBDD,-7.629,-4.958,-5.328,10000.0,-8.276,-7.55,-6.041,-6.323,10.586883830541417,-9.506,3.9951270289328678,-6.5071648570743461,401.5910000000002,0.6394591148996599,5.330700000000006,3.5129879489134135
16,generic_title2,50,DiffSBDD_24_num_sample_50,DiffSBDD,-4.443,-0.644,10000.0,10000.0,-3.81,-2.326,10000.0,10000.0,9.456335796702653,-8.2,8.723421815759153,-5.1518101977455713,600.216,0.29052201301474734,4.954100000000005,6.302516574492614
17,generic_title2,50,DiffSBDD_25_num_sample_50,DiffSBDD,4.706,6.07,10000.0,10000.0,0.489,0.489,10000.0,10000.0,13.18858803515794,-9.114,12.68022068923663,-5.9175133066970016,542.0730000000003,0.5040259857021033,3.8008000000000033,5.380464380473804
18,generic_title2,50,DiffSBDD_26_num_sample_50,DiffSBDD,2.919,4.747,10000.0,10000.0,-0.11,1.55,10000.0,10000.0,6.917475154478007,-9.502,13.094392991768721,-5.3571689095209205,573.8060000000004,0.2957119962705745,7.200100000000009,4.551956945084864
19,generic_title2,50,DiffSBDD_27_num_sample_50,DiffSBDD,-2.602,-1.152,10000.0,10000.0,-1.532,-1.532,10000.0,10000.0,14.460678924398586,-7.563,,,687.934,0.14431488930332853,4.465100000000005,7.784401590372172
20,generic_title2,50,DiffSBDD_28_num_sample_50,DiffSBDD,-6.071,-5.243,10000.0,10000.0,-7.569,-7.08,-5.859,10000.0,11.538313029536319,-9.462,11.726856893284092,-6.7697169486741169,529.5600000000002,0.37290926991944023,2.5073,5.471708003531618
21,generic_title2,50,DiffSBDD_29_num_sample_50,DiffSBDD,-4.249,-3.434,-7.185,10000.0,-5.461,-5.114,-7.653,-7.989,4.922808456912403,-8.496,2.76417204889407,-6.8306129096911414,398.55100000000016,0.686735275430781,3.0003800000000016,4.119576685766702
22,generic_title2,50,DiffSBDD_2_num_sample_50,DiffSBDD,-7.603,-7.603,-7.778,-7.126,-6.767,-6.767,-7.577,-7.806,0.5208539348306503,-11.607,10.137523777036582,-6.39808389091964,385.46400000000017,0.6169157435045709,-0.044399999999998,4.604742358358689
23,generic_title2,50,DiffSBDD_30_num_sample_50,DiffSBDD,-8.759,-8.381,-5.127,10000.0,-8.414,-8.211,-8.437,-7.786,1.128629257107931,-9.463,3.556508046067338,-5.3174076351206985,385.43500000000023,0.6888836355989333,4.900600000000004,3.327777358889888
24,generic_title2,50,DiffSBDD_31_num_sample_50,DiffSBDD,-6.534,-6.534,10000.0,10000.0,-6.604,-6.604,-8.429,-8.192,4.1052004644038,-10.91,11.45619456770896,-4.9656776877544679,470.6040000000003,0.7000195920947722,3.9390000000000027,5.341322630884554
25,generic_title2,50,DiffSBDD_32_num_sample_50,DiffSBDD,-8.13,-8.005,10000.0,10000.0,-8.826,-8.639,-7.778,-7.763,6.400035298932828,-7.442,11.897351104994586,-5.3167516793565168,417.4680000000001,0.5502899088836561,4.458000000000004,5.1783778346178515
26,generic_title2,50,DiffSBDD_33_num_sample_50,DiffSBDD,-5.585,-4.607,10000.0,10000.0,-5.425,-5.425,-7.231,-6.446,5.7013750123325515,-9.853,11.822362759744014,-5.7741442858024001,454.5620000000003,0.5499587611333391,3.000700000000001,5.379972517630424
27,generic_title2,50,DiffSBDD_34_num_sample_50,DiffSBDD,-1.378,1.111,10000.0,10000.0,-0.902,0.602,10000.0,10000.0,14.022917341819792,-8.389,12.76792400553495,-5.9525780745874179,690.894,0.17808211216583572,4.928200000000006,6.979969517523139
28,generic_title2,50,DiffSBDD_35_num_sample_50,DiffSBDD,-6.832,-4.531,-6.497,10000.0,-7.033,-5.034,-6.185,10000.0,9.541149563862838,-8.798,9.647575406529707,-5.6098773437252527,410.8940000000001,0.28841935177203615,2.1371,5.823352621862365
29,generic_title2,50,DiffSBDD_36_num_sample_50,DiffSBDD,-4.462,-4.462,10000.0,10000.0,-6.016,-5.727,-6.955,10000.0,3.1547021893081766,-9.335,10.069793466004223,-3.7321024438129964,456.7080000000003,0.596044792299894,5.658900000000006,6.003800287033341
30,generic_title2,50,DiffSBDD_37_num_sample_50,DiffSBDD,-6.296,-1.224,10000.0,10000.0,-6.459,-6.017,-6.123,-5.666,3.1002263358234563,-8.356,5.854460666347963,-6.0418535873402703,307.419,0.7464197506012824,2.6015000000000006,4.389987963053155
31,generic_title2,50,DiffSBDD_38_num_sample_50,DiffSBDD,-7.343,-7.086,-7.322,10000.0,-8.232,-8.081,-6.889,10000.0,0.7057920196488484,-11.397,6.252151264937665,-6.4990379532681253,470.5420000000003,0.5259821269487485,1.1456000000000008,5.195691229616113
32,generic_title2,50,DiffSBDD_39_num_sample_50,DiffSBDD,-9.515,-9.084,10000.0,10000.0,-9.2,-8.594,-5.418,-3.78,1.6543993142252842,-10.083,2.6315006176848232,-5.0333670918035134,461.4900000000002,0.4239776908146408,2.4466,4.920271432657975
33,generic_title2,50,DiffSBDD_3_num_sample_50,DiffSBDD,-9.736,-9.166,-9.26,10000.0,-9.922,-9.678,-8.68,-8.403,2.1258641650575565,-10.525,11.14261703346474,-6.2977074711918632,397.4900000000001,0.5609936504845356,3.8872000000000027,4.685980406569108
34,generic_title2,50,DiffSBDD_40_num_sample_50,DiffSBDD,-5.195,-2.704,10000.0,10000.0,-5.28,-4.761,10000.0,10000.0,4.266796612604511,-9.477,3.955740474691302,-5.012868441389009,582.7790000000001,0.1657742449724309,5.266200000000005,6.268415314466902
35,generic_title2,50,DiffSBDD_41_num_sample_50,DiffSBDD,11.071,11.071,10000.0,10000.0,4.284,5.204,10000.0,10000.0,14.404415792850932,-8.158,14.219622499213857,-4.3233085181764741,694.9300000000001,0.2232016046901534,4.856600000000005,7.555195819162826
36,generic_title2,50,DiffSBDD_42_num_sample_50,DiffSBDD,-6.119,-7.353,-7.784,10000.0,-8.168,-8.168,-7.998,10000.0,5.415581810272096,-9.272,10.676895880370264,-4.6703693653042126,468.5660000000003,0.6485615516521293,4.4104000000000045,5.228486301296796
37,generic_title2,50,DiffSBDD_43_num_sample_50,DiffSBDD,-5.506,-5.023,10000.0,10000.0,-5.882,-5.882,-5.063,-4.191,2.595300072567075,-9.143,2.9033672661576704,-5.2386500096195405,438.44300000000015,0.14098207360885398,2.0766999999999993,5.683782951181946
38,generic_title2,50,DiffSBDD_44_num_sample_50,DiffSBDD,-7.364,-7.083,-8.082,10000.0,-7.125,-6.331,-8.502,-7.674,3.0709757912339244,-10.938,9.059376513197313,-5.5753322175517432,405.5100000000002,0.7277642496158065,3.900400000000003,5.117540761639665
39,generic_title2,50,DiffSBDD_45_num_sample_50,DiffSBDD,3.268,9.023,10000.0,10000.0,5.787,7.724,-1.848,10000.0,9.704476647403506,-8.511,10.876035358161145,-6.3224115487010959,380.5250000000002,0.34025592396844634,3.7931000000000026,5.217929676206556
40,generic_title2,50,DiffSBDD_46_num_sample_50,DiffSBDD,-5.662,-4.603,-6.441,10000.0,-7.638,-6.656,-6.801,10000.0,5.220880363638739,-9.315,8.582289462795764,-4.5063661615707691,494.5160000000005,0.45199059000418806,1.3383999999999991,5.505966741275203
41,generic_title2,50,DiffSBDD_47_num_sample_50,DiffSBDD,6.821,9.969,10000.0,10000.0,1.182,2.907,10000.0,10000.0,10.47363856228261,-8.199,11.832219190056524,-3.8163590295742336,422.50100000000015,0.5600099181590026,4.254300000000003,5.603045849508707
42,generic_title2,50,DiffSBDD_4_num_sample_50,DiffSBDD,-6.017,-4.289,10000.0,10000.0,-6.246,-5.821,-5.745,0.5325,3.2207975565067732,-6.813,6.162931255980624,-4.2859333250847138,281.35200000000003,0.4644550910012484,1.1152,4.052787047120265
43,generic_title2,50,DiffSBDD_5_num_sample_50,DiffSBDD,-6.027,-5.406,-8.218,10000.0,-5.673,-5.306,-7.271,-6.129,2.693503583016762,-9.958,12.011289314825987,-5.7945285816762455,418.51500000000016,0.3018665572764536,2.0459,4.962636566669171
44,generic_title2,50,DiffSBDD_6_num_sample_50,DiffSBDD,-5.476,-5.163,-4.74,-3.075,-4.904,-4.543,-5.242,-5.262,6.055142975878715,-7.145,3.4152287293675396,-5.3033673782314423,371.362,0.2503210266658654,-1.3299800000000002,4.715664426597966
45,generic_title2,50,DiffSBDD_7_num_sample_50,DiffSBDD,-9.426,-9.147,10000.0,10000.0,-8.021,-7.565,-9.293,-9.027,2.0433243791719704,-10.12,10.537291127311974,-7.3698112148645656,364.57300000000015,0.5195662047214504,6.169000000000008,5.393673006956547
46,generic_title2,50,DiffSBDD_8_num_sample_50,DiffSBDD,-10.971,-9.034,-7.938,10000.0,-10.164,-9.639,-7.869,-6.898,7.10285601712438,-10.56,7.156333014853513,-5.6508320907296996,492.50400000000036,0.37929571977970855,0.8316999999999992,6.268400814502549
47,generic_title2,50,DiffSBDD_9_num_sample_50,DiffSBDD,-5.577,-3.233,10000.0,10000.0,-6.465,-5.627,-6.653,10000.0,2.8268171531585318,-10.609,7.569515796061049,-5.279812164686188,350.35200000000003,0.6325255013612643,5.703920000000004,4.4325248230011365
48,generic_title2,50,Pocket2Mol_0_num_sample_50,Pocket2Mol,-2.371,-2.172,-4.632,-4.089,-2.658,-2.366,-4.756,-4.182,7.481386409483204,-3.688,4.405644429281328,-4.3416368275897899,67.09100000000001,0.4001053003635776,0.9746,4.1603114592114405
49,generic_title2,50,Pocket2Mol_10_num_sample_50,Pocket2Mol,-1.737,-1.582,-3.63,-3.399,-1.775,-1.664,-3.63,-3.538,6.811213762428837,-2.458,0.6443227070381734,-4.1655750806090941,59.111999999999995,0.3844627806876072,0.17779999999999996,1.8698942003141337
50,generic_title2,50,Pocket2Mol_11_num_sample_50,Pocket2Mol,-2.989,-2.879,-4.761,-4.393,-3.008,-2.898,-4.665,-4.328,7.465663620647978,-4.424,5.611899113935362,-4.6113189360806075,84.118,0.42968901482928296,1.3105,3.6220690098246227
51,generic_title2,50,Pocket2Mol_12_num_sample_50,Pocket2Mol,-3.653,-2.914,-4.573,10000.0,-3.704,-3.358,-4.694,-4.457,7.4878202174312,-5.026,6.959189234633891,-5.2882296106810713,96.13300000000001,0.4721354730000415,0.6511000000000001,3.88165192660505
52,generic_title2,50,Pocket2Mol_13_num_sample_50,Pocket2Mol,-3.204,-2.919,-4.89,10000.0,-3.344,-3.281,-5.247,-4.935,7.898952900226713,-4.254,3.3641928516036357,-5.1039489083109046,102.133,0.47172843530800823,0.15770000000000012,2.916413580520361
53,generic_title2,50,Pocket2Mol_14_num_sample_50,Pocket2Mol,-1.76,-1.76,-4.635,-4.313,-2.172,-2.172,-4.918,-4.493,7.325677822368579,-3.968,6.256726790409777,-4.9712332722627846,102.13300000000001,0.44111814422325407,0.4233,2.179368641469134
54,generic_title2,50,Pocket2Mol_15_num_sample_50,Pocket2Mol,-3.234,-2.217,-5.168,10000.0,-3.282,-3.043,-5.2,-4.831,4.097601344340718,-4.413,4.490968946108957,-4.7539904786882188,100.161,0.44873678423554825,1.5754000000000001,2.715776622961327
55,generic_title2,50,Pocket2Mol_16_num_sample_50,Pocket2Mol,-3.26,-2.91,-4.727,-3.775,-3.309,-2.918,-5.254,-4.677,7.8238189943092555,-4.567,6.447230915402169,-4.9323997562334636,95.10099999999997,0.5163288713332985,0.7871999999999999,2.1524866634471564
56,generic_title2,50,Pocket2Mol_17_num_sample_50,Pocket2Mol,-2.232,-2.132,-4.842,-4.497,-2.411,-2.411,-4.948,-4.878,7.18472262800928,-4.06,6.719445022998147,-4.9746387659777351,100.11699999999999,0.44219820121012926,0.5469,3.605542267842761
57,generic_title2,50,Pocket2Mol_18_num_sample_50,Pocket2Mol,-3.299,-2.799,-4.792,-3.658,-3.286,-3.165,-4.397,-4.155,7.876187467115219,-4.552,5.600177540151333,-4.6318202304297946,94.11699999999999,0.5126510027980979,0.6638000000000001,1.9510597403702317
58,generic_title2,50,Pocket2Mol_19_num_sample_50,Pocket2Mol,-3.094,-2.279,-4.601,-3.735,-3.328,-2.92,-4.609,-4.388,7.679166670376974,-4.7,7.4567870166968415,-5.1683606448010835,95.10099999999998,0.5163288713332986,0.7871999999999999,1.924198201908693
59,generic_title2,50,Pocket2Mol_1_num_sample_50,Pocket2Mol,-2.612,-2.599,-4.152,-3.486,-2.449,-2.372,-3.959,-3.604,8.061153127065632,-3.82,7.357854015414522,-4.4520914450324369,67.09100000000001,0.4658690337597367,1.0147,3.427942228442209
60,generic_title2,50,Pocket2Mol_20_num_sample_50,Pocket2Mol,-3.091,-2.589,-4.19,-3.446,-3.117,-3.1,-4.105,-3.771,7.863766126899467,-4.489,6.927074836830892,-4.5514163705385844,95.105,0.49531271324374415,0.05879999999999996,2.4027143557548474
61,generic_title2,50,Pocket2Mol_21_num_sample_50,Pocket2Mol,-2.611,-2.258,-4.374,-3.94,-2.666,-2.355,-4.498,-3.932,7.5270047051931614,-3.729,5.766851059681201,-4.3833129620262099,68.075,0.44603148755014616,1.2796,3.4100345361345177
62,generic_title2,50,Pocket2Mol_22_num_sample_50,Pocket2Mol,-3.354,-2.944,-5.032,-4.442,-3.405,-3.317,-5.002,-4.729,7.819207403110442,-4.885,6.765304046625463,-5.4966192383322054,97.092,0.47397196118629864,1.2207000000000001,1.7338205096010029
63,generic_title2,50,Pocket2Mol_23_num_sample_50,Pocket2Mol,-3.204,-2.919,-4.627,-4.241,-3.062,-2.961,-4.878,-4.68,7.898952900226713,-4.254,3.3601394523534713,-5.3178440719613489,100.11699999999999,0.45518748828298783,-0.23399999999999999,4.11887588220895
64,generic_title2,50,Pocket2Mol_24_num_sample_50,Pocket2Mol,-3.277,-2.554,-4.478,10000.0,-3.315,-3.106,-4.817,-3.984,7.390950260961036,-4.252,2.6785334621827244,-5.1294661048787047,97.12100000000001,0.48885445333814254,0.3003200000000001,2.867144234297358
65,generic_title2,50,Pocket2Mol_25_num_sample_50,Pocket2Mol,-3.383,-3.15,-4.7,-4.339,-3.396,-3.325,-4.85,-4.916,7.8264525421346365,-4.594,7.148803742285069,-5.5115317335765512,100.11699999999998,0.4317802773832795,-0.06629999999999986,4.1131851189818995
66,generic_title2,50,Pocket2Mol_26_num_sample_50,Pocket2Mol,-3.639,-3.004,-5.055,10000.0,-3.699,-3.491,-5.374,-4.773,7.169695768699972,-4.942,6.786579851978251,-5.3628510823254461,96.12899999999998,0.44348494908983205,1.4766000000000001,3.665788201908695
67,generic_title2,50,Pocket2Mol_27_num_sample_50,Pocket2Mol,-3.359,-2.672,-4.641,10000.0,-3.395,-3.165,-4.61,-4.507,7.157298825936361,-4.505,6.764643935957426,-4.9796108896623927,111.09999999999998,0.511970565448161,0.49279999999999996,2.4995663722729624
68,generic_title2,50,Pocket2Mol_28_num_sample_50,Pocket2Mol,-2.657,-2.657,-5.222,-4.363,-2.531,-2.531,-5.23,-4.948,2.844444402690972,-3.996,3.39499375312588,-5.4281344588461673,118.13199999999999,0.4610644180226709,-0.6058999999999999,2.733699634662745
69,generic_title2,50,Pocket2Mol_29_num_sample_50,Pocket2Mol,-3.277,-2.838,-4.726,-3.52,-3.315,-3.145,-4.249,-4.038,7.454136772121907,-4.427,7.001707332817895,-4.7383483106045876,110.11599999999999,0.5271940515548245,0.48519999999999996,2.1176722099135823
70,generic_title2,50,Pocket2Mol_2_num_sample_50,Pocket2Mol,-2.149,-1.902,0.9221,2.9,-2.161,-2.064,-1.775,-1.633,7.548726355882825,-3.262,6.3773911917933805,-2.1704930607515194,74.079,0.38296659073251405,0.17930000000000001,1.7363164941764762
71,generic_title2,50,Pocket2Mol_30_num_sample_50,Pocket2Mol,-3.805,-3.591,-5.718,-4.334,-3.985,-3.753,-5.01,-4.884,3.791076262916641,-5.176,4.972616415718037,-4.9745628549197525,112.172,0.4619537493319786,1.5754000000000001,3.781575887017061
72,generic_title2,50,Pocket2Mol_31_num_sample_50,Pocket2Mol,-4.507,-3.44,-5.051,10000.0,-4.407,-4.179,-5.421,-5.196,7.595776115198645,-6.323,7.467146047710486,-6.1634313435061117,120.15099999999997,0.5052002537494946,1.6215,1.6951459559435058
73,generic_title2,50,Pocket2Mol_32_num_sample_50,Pocket2Mol,-2.618,-2.599,-4.008,-3.568,-2.411,-2.371,-4.104,-3.737,8.151527941435276,-3.826,6.606134922570883,-4.3492726410395743,69.10700000000001,0.4363003915587601,0.4934,4.025265305365286
74,generic_title2,50,Pocket2Mol_33_num_sample_50,Pocket2Mol,-3.471,-2.585,-5.257,10000.0,-4.05,-3.791,-5.363,-5.141,4.917308430206283,-4.987,5.035972992493252,-5.2555806481143073,128.171,0.4833661011031188,0.9543,4.226955661689468
75,generic_title2,50,Pocket2Mol_34_num_sample_50,Pocket2Mol,-4.243,-3.425,-5.544,-4.709,-4.243,-4.046,-5.538,-5.474,7.573104354959801,-5.518,4.867039064137638,-5.2670130026348181,121.13899999999998,0.5108309052932271,1.0165,2.4179151867127366
76,generic_title2,50,Pocket2Mol_35_num_sample_50,Pocket2Mol,-3.987,-2.992,-5.669,10000.0,-3.944,-3.821,-5.445,-4.765,7.694224882483109,-5.832,7.449391530509605,-4.8164177495887337,122.12299999999996,0.5176682759164257,1.4153,1.5241767251742733
77,generic_title2,50,Pocket2Mol_36_num_sample_50,Pocket2Mol,-4.453,-3.564,-5.261,-4.441,-4.495,-4.094,-5.297,-5.104,7.4889202103285,-6.217,7.5634864998070395,-6.1652955048077036,120.15099999999997,0.4766763715118781,1.9344000000000001,3.517499802097351
78,generic_title2,50,Pocket2Mol_37_num_sample_50,Pocket2Mol,-4.444,-3.587,-5.141,-4.493,-4.539,-3.903,-5.53,-4.857,7.491434026717893,-6.228,6.845876222416666,-5.9571401856475354,118.13499999999995,0.5174240042877333,2.4328000000000003,1.8035049303024806
79,generic_title2,50,Pocket2Mol_38_num_sample_50,Pocket2Mol,-4.199,-3.556,-5.573,10000.0,-4.179,-3.92,-5.42,-5.546,7.627652336510013,-5.58,6.85711695748679,-5.6322507545838096,119.12299999999996,0.5283477685064296,1.8277999999999996,2.3818177508152996
80,generic_title2,50,Pocket2Mol_39_num_sample_50,Pocket2Mol,-3.537,-2.028,-4.758,10000.0,-3.29,-3.071,-4.878,-4.37,7.994811296153969,-4.624,6.150828324925867,-4.9724634537282419,130.099,0.540666414130691,-0.0408,2.939755391840942
81,generic_title2,50,Pocket2Mol_3_num_sample_50,Pocket2Mol,-2.483,-2.44,-3.673,-3.101,-2.312,-2.146,-3.823,-3.246,9.98782906211355,-3.877,7.564714890416532,-4.4146827521523342,68.07900000000001,0.4683433019217652,0.40969999999999995,3.744234536134517
82,generic_title2,50,Pocket2Mol_40_num_sample_50,Pocket2Mol,-3.855,-2.999,-5.104,10000.0,-3.848,-3.805,-5.299,-5.307,7.912194898312913,-5.726,7.514564908665504,-6.2247530813576892,138.19099999999997,0.542794855436533,2.1285999999999996,2.5404433918409417
83,generic_title2,50,Pocket2Mol_41_num_sample_50,Pocket2Mol,-3.95,-2.581,-6.276,10000.0,-4.187,-3.999,-6.237,-5.33,4.806240984040091,-5.401,3.703233603614024,-5.3158892516688372,126.199,0.48185805075088745,1.9655,3.7010680877249715
84,generic_title2,50,Pocket2Mol_42_num_sample_50,Pocket2Mol,-4.361,-3.343,-5.258,-4.178,-4.361,-4.22,-5.476,-4.715,8.107441091093758,-5.752,7.474567778304197,-5.8400686466777261,121.13899999999997,0.5605093587592868,1.4483999999999997,2.426233135430685
85,generic_title2,50,Pocket2Mol_43_num_sample_50,Pocket2Mol,-2.14,-1.747,-4.401,-3.958,-2.089,-1.878,-4.4,-3.838,7.401723216386843,-2.908,6.865629680553649,-4.671875578278871,85.131,0.4600956630432944,1.1431,3.835803766903747
86,generic_title2,50,Pocket2Mol_44_num_sample_50,Pocket2Mol,-4.14,-3.345,-5.247,-4.322,-4.157,-3.821,-5.458,-5.507,8.418177644109074,-5.197,7.488309737189494,-5.4050739330353288,123.11099999999998,0.511187577082468,0.8102999999999999,2.2609151867127366
87,generic_title2,50,Pocket2Mol_45_num_sample_50,Pocket2Mol,-2.379,-1.949,-4.274,10000.0,-2.683,-2.358,-4.414,-4.151,7.276711538325536,-3.648,5.2029507047211965,-4.4077967722555043,72.107,0.4109376010493491,0.7968000000000001,2.0262776130575944
88,generic_title2,50,Pocket2Mol_46_num_sample_50,Pocket2Mol,-2.382,-2.171,-4.498,-3.909,-2.434,-2.319,-4.37,-3.81,7.502929979814554,-3.695,7.756495638649208,-4.5168870380795525,65.075,0.3944190016783178,0.7396,6.083496074596056
89,generic_title2,50,Pocket2Mol_47_num_sample_50,Pocket2Mol,-2.6,-2.153,-4.232,-4.032,-2.698,-2.606,-4.181,-4.154,7.589719976125601,-3.758,7.605631270569748,-4.4942478098487655,70.091,0.4115111803650166,0.9204,3.9102868438268246
90,generic_title2,50,Pocket2Mol_48_num_sample_50,Pocket2Mol,-1.873,-1.419,-2.905,10000.0,-1.851,-1.764,-1.875,-1.495,7.8089112269253,-3.006,4.128419045575654,-2.6383507104043078,76.095,0.48573367049540345,-0.37489999999999996,2.14296447696292
91,generic_title2,50,Pocket2Mol_49_num_sample_50,Pocket2Mol,-2.082,-1.844,-4.217,-3.865,-2.015,-1.838,-3.861,-3.754,9.648062986423751,-3.419,7.3640429496392406,-4.2061859325960418,74.079,0.4020858486861461,-0.009299999999999975,2.90882222844221
92,generic_title2,50,Pocket2Mol_4_num_sample_50,Pocket2Mol,-2.891,-2.814,-4.788,-4.458,-3.051,-3.044,-4.766,-4.688,7.573901007516977,-4.385,3.822074923452988,-4.2146079606333853,86.134,0.42994002180165675,1.1869,1.9174305482861609
93,generic_title2,50,Pocket2Mol_5_num_sample_50,Pocket2Mol,-2.805,-1.917,-4.367,-3.961,-2.374,-2.286,-4.223,-4.187,9.890983429956126,-3.357,5.427681587046689,-4.3052470502040832,88.10600000000001,0.4157492501598946,0.03320000000000001,2.231084394440007
94,generic_title2,50,Pocket2Mol_6_num_sample_50,Pocket2Mol,-3.009,-2.605,-4.57,-4.234,-3.203,-2.729,-4.56,-4.355,7.278862258393592,-4.346,5.293339585338683,-4.8702879432212915,79.10199999999999,0.4531479654842905,1.0816,1.3717690098246216
95,generic_title2,50,Pocket2Mol_7_num_sample_50,Pocket2Mol,-3.003,-2.526,-4.89,10000.0,-2.973,-2.895,-5.078,-4.634,7.41843973948251,-4.352,6.90645620354876,-4.8818662069998613,81.11800000000001,0.41726114535391756,1.3647,3.9686545301866136
96,generic_title2,50,Pocket2Mol_8_num_sample_50,Pocket2Mol,-2.661,-2.223,-4.594,10000.0,-2.639,-2.537,-4.578,-3.925,7.321506525868384,-3.719,3.4405853387548024,-4.0531373717677539,82.10600000000001,0.49044689078380066,0.7181199999999999,3.226802041498831
97,generic_title2,50,Pocket2Mol_9_num_sample_50,Pocket2Mol,-2.936,-2.882,-4.438,-4.244,-2.97,-2.801,-5.022,-4.194,7.508453299337576,-4.403,7.464988903931049,-4.5917295816888997,82.10199999999999,0.4628605847396023,1.5880200000000002,3.0959151636707762
0,generic_title2,100,DiffSBDD_0_num_sample_100,DiffSBDD,5.28,6.513,10000.0,10000.0,1.464,1.599,10000.0,10000.0,14.486320412940717,-8.431,13.566849161959636,-6.0098363262930334,699.977,0.06553572497197145,4.650200000000004,6.139153106244986
1,generic_title2,100,DiffSBDD_10_num_sample_100,DiffSBDD,-0.134,1.019,10000.0,10000.0,-1.589,-1.589,-6.659,10000.0,11.630177751889287,-9.018,8.711571980187344,-4.7979536345742657,569.1680000000002,0.1655515523387041,3.782300000000002,6.11470281695212
2,generic_title2,100,DiffSBDD_11_num_sample_100,DiffSBDD,-7.699,-5.634,-8.518,10000.0,-7.912,-7.409,-9.106,-8.172,1.9771972948740202,-9.538,3.482125277623402,-5.2420989905465429,425.9780000000002,0.661686851595637,3.1193000000000017,5.274680555111972
3,generic_title2,100,DiffSBDD_12_num_sample_100,DiffSBDD,-8.512,-4.486,10000.0,10000.0,-6.636,-5.622,-7.029,10000.0,5.1942736657097415,-10.819,12.56652651256221,-5.0371014373571974,511.5210000000002,0.3162877131905219,6.076200000000006,5.901186697839398
4,generic_title2,100,DiffSBDD_13_num_sample_100,DiffSBDD,-1.255,-1.255,10000.0,10000.0,-3.078,-3.078,10000.0,10000.0,6.98380167823746,-10.992,10.586692491180758,-2.9925632887622053,588.6880000000002,0.19812461384531208,5.986100000000007,6.799931171889855
5,generic_title2,100,DiffSBDD_14_num_sample_100,DiffSBDD,-9.512,-8.637,10000.0,10000.0,-9.272,-8.554,-8.029,-7.136,1.3387511178540825,-10.369,4.772105398592284,-4.9945907478766305,426.7130000000003,0.6284475799845739,5.650900000000006,5.571457845429884
6,generic_title2,100,DiffSBDD_15_num_sample_100,DiffSBDD,-9.251,-8.536,-9.499,10000.0,-8.78,-8.78,-9.309,-9.111,0.45827140430098834,-11.948,4.20421329501909,-5.9447804360612588,343.4170000000001,0.7459132846772312,5.038600000000004,4.448664438180474
7,generic_title2,100,DiffSBDD_16_num_sample_100,DiffSBDD,-5.591,-0.663,10000.0,10000.0,-4.711,-3.27,10000.0,10000.0,7.746778079220783,-8.258,5.069215639539445,-7.4889695342082971,314.473,0.6435885872040912,3.6218000000000012,4.356655240965603
8,generic_title2,100,DiffSBDD_17_num_sample_100,DiffSBDD,-8.65,-7.658,-7.947,10000.0,-8.348,-8.17,-9.081,-8.654,2.0669765079979463,-10.19,1.8216837007151994,-8.1859815282800206,360.47700000000003,0.5351180679218032,3.452700000000002,4.459702611383195
9,generic_title2,100,DiffSBDD_18_num_sample_100,DiffSBDD,-7.912,-6.943,-7.732,10000.0,-6.292,-5.491,-7.15,10000.0,4.8557317382950345,-7.806,11.25256941237009,-3.996243910701339,426.56000000000023,0.7075056664789305,2.4019000000000004,4.536020435281767
10,generic_title2,100,DiffSBDD_19_num_sample_100,DiffSBDD,-12.135,-11.775,-9.513,10000.0,-11.637,-11.448,-9.765,-8.937,1.9024920207162206,-12.108,2.0449192365497253,-8.6915308586735591,389.5210000000001,0.8160131150138822,2.8358000000000008,4.737997020749943
11,generic_title2,100,DiffSBDD_1_num_sample_100,DiffSBDD,-3.733,-3.2,-3.577,10000.0,-3.329,-3.259,-3.803,-3.091,6.843829891824847,-7.636,2.9825375250127406,-4.5164493815003759,282.704,0.5431619231140701,1.6004999999999998,5.828809961809633
12,generic_title2,100,DiffSBDD_20_num_sample_100,DiffSBDD,-7.645,-7.479,-6.695,-6.091,-7.719,-6.891,-6.508,-7.131,1.6494153923022654,-8.923,3.23018916880576,-5.8751019464940599,318.52600000000007,0.5844174096260193,5.874000000000006,3.3273075210034966
13,generic_title2,100,DiffSBDD_21_num_sample_100,DiffSBDD,2.924,4.717,10000.0,10000.0,-0.733,1.059,10000.0,10000.0,8.301644221344214,-10.703,5.779138374464479,-6.8650588590366084,524.6200000000001,0.4228265856413081,7.005800000000007,5.2741360819408625
14,generic_title2,100,DiffSBDD_22_num_sample_100,DiffSBDD,-7.542,-6.87,-6.698,10000.0,-8.726,-8.305,-7.084,-6.697,5.372560988664817,-9.292,9.1293605717878,-7.3765848098413276,376.43800000000005,0.6025931907078452,0.35309999999999997,2.615699668599593
15,generic_title2,100,DiffSBDD_23_num_sample_100,DiffSBDD,-5.398,-4.013,10000.0,10000.0,-6.522,-6.061,10000.0,10000.0,8.98090234435933,-8.306,4.1282391889022225,-6.6043878310458588,536.6510000000003,0.306812350686081,1.56338,5.92465177809369
16,generic_title2,100,DiffSBDD_24_num_sample_100,DiffSBDD,-4.06,-3.981,-3.364,-2.796,-3.845,-3.543,-4.67,-4.277,7.0069359598511065,-5.483,,,182.24099999999996,0.6000636313474612,1.2118,4.944240375988646
17,generic_title2,100,DiffSBDD_25_num_sample_100,DiffSBDD,-5.545,-5.002,-7.227,10000.0,-6.079,-5.969,-7.297,10000.0,10.019552789109403,-8.851,2.8367790604897145,-6.2052723038850424,462.50900000000036,0.6443088941854259,2.763000000000001,6.277123029536812
18,generic_title2,100,DiffSBDD_26_num_sample_100,DiffSBDD,-8.085,-3.688,-7.728,10000.0,-10.681,-8.902,-9.45,10000.0,11.91212339979283,-11.642,5.099104850302134,-5.6599734485568405,502.6340000000003,0.41788422256580215,5.789390000000006,5.2014009324140575
19,generic_title2,100,DiffSBDD_27_num_sample_100,DiffSBDD,-8.116,-7.895,10000.0,-5.236,-7.897,-7.415,-6.788,-7.311,1.6455298472713495,-7.83,11.200329323198732,-6.8742292592421848,320.48100000000005,0.6161965565637163,1.3201000000000005,4.565077399306984
20,generic_title2,100,DiffSBDD_28_num_sample_100,DiffSBDD,-7.626,-7.076,-6.674,10000.0,-7.619,-7.369,-6.813,-6.776,1.228569450514232,-8.019,1.4549059494850516,-6.1063719281450144,261.36899999999997,0.8838661626092437,2.2215,2.996661764037338
21,generic_title2,100,DiffSBDD_29_num_sample_100,DiffSBDD,-2.408,-0.06,10000.0,10000.0,-5.761,-5.46,10000.0,10000.0,3.5179575040071187,-11.522,4.19941639814472,-7.7597289714599889,538.6610000000002,0.39463504193432375,2.906600000000001,5.545832447578277
22,generic_title2,100,DiffSBDD_2_num_sample_100,DiffSBDD,-8.048,-7.557,-7.597,10000.0,-8.31,-7.923,-7.681,-7.154,1.8676279370129132,-9.27,1.1440310391718205,-5.7843919218285897,243.26199999999997,0.6115735525136974,1.0724,3.5303574109384224
23,generic_title2,100,DiffSBDD_30_num_sample_100,DiffSBDD,-8.146,-7.656,10000.0,10000.0,-8.305,-7.983,-8.21,-8.197,1.5609703712755088,-8.712,4.666054546899567,-6.9918132854062165,354.466,0.7844677993014649,3.713000000000002,4.0051826886530755
24,generic_title2,100,DiffSBDD_31_num_sample_100,DiffSBDD,-9.785,-9.192,-8.413,10000.0,-10.288,-9.811,-8.528,-8.53,2.0234872081338895,-9.894,2.113555981775334,-7.1807605888500792,428.3850000000002,0.5405631793830709,4.847600000000003,3.883091144635779
25,generic_title2,100,DiffSBDD_32_num_sample_100,DiffSBDD,9.485,16.082,10000.0,10000.0,13.384,13.384,10000.0,10000.0,14.490148884987033,-9.452,,,831.0819999999999,0.040848183444622425,10.558769999999996,7.160517529351103
26,generic_title2,100,DiffSBDD_33_num_sample_100,DiffSBDD,-2.947,-2.537,10000.0,10000.0,-3.397,-3.397,10000.0,10000.0,11.188220266659666,-9.424,8.541996420495646,-5.3554962972199913,469.7100000000002,0.3197423763506348,6.175600000000008,4.921687674500733
27,generic_title2,100,DiffSBDD_34_num_sample_100,DiffSBDD,-6.348,-4.822,-1.117,10000.0,-7.306,-6.944,-4.065,10000.0,3.743729760029299,-8.68,3.8289326275771964,-6.0623474994295306,443.56900000000013,0.519898679799829,2.7821000000000007,5.055990944741826
28,generic_title2,100,DiffSBDD_35_num_sample_100,DiffSBDD,-9.597,-8.609,-9.203,10000.0,-11.284,-11.127,-8.868,-9.55,1.1713962013793884,-10.801,11.204042072275831,-7.2571312256345735,453.5710000000002,0.4308815233625867,3.9562000000000026,4.14150014533963
29,generic_title2,100,DiffSBDD_36_num_sample_100,DiffSBDD,22.952,31.977,-2.027,10000.0,11.293,13.145,10000.0,10000.0,13.612336392497065,-9.126,13.528487501930815,-7.3882863734319786,699.9760000000002,0.04419883274383616,7.90550000000001,6.49073092047891
30,generic_title2,100,DiffSBDD_37_num_sample_100,DiffSBDD,-8.38,-8.266,-7.687,-4.001,-7.906,-7.331,-7.748,-7.806,8.20540841965428,-9.75,2.89250306915277,-6.55486131351305,308.3990000000001,0.8697015956393408,3.0825000000000014,3.702424377655502
31,generic_title2,100,DiffSBDD_38_num_sample_100,DiffSBDD,-7.456,-7.371,-7.288,10000.0,-7.059,-6.077,-7.266,-7.188,8.991145305968727,-8.761,3.699872287195165,-5.8985139190857812,338.4730000000001,0.5411123730208905,1.3163,4.6140357553089135
32,generic_title2,100,DiffSBDD_39_num_sample_100,DiffSBDD,-5.426,-5.426,10000.0,10000.0,-5.334,-5.334,-8.298,-8.352,2.5009445248003868,-11.688,7.5423244206746025,-4.0479483834810095,421.5850000000002,0.4692460135106069,4.305670000000004,6.1376908499158445
33,generic_title2,100,DiffSBDD_3_num_sample_100,DiffSBDD,-5.425,-5.425,-8.305,10000.0,-5.149,-5.149,-8.093,-7.906,6.524039492523019,-8.918,7.331439090270791,-4.6729878931647324,276.376,0.8324954681641494,4.3949200000000035,2.699566234731849
34,generic_title2,100,DiffSBDD_40_num_sample_100,DiffSBDD,-9.101,-6.13,-5.974,10000.0,-10.427,-9.653,-6.442,10000.0,2.1358532803762804,-10.539,4.300489461916967,-7.398944311141662,479.49900000000025,0.5643231952378731,2.3174,4.99143963628477
35,generic_title2,100,DiffSBDD_41_num_sample_100,DiffSBDD,-1.472,-1.113,10000.0,10000.0,-4.934,-4.934,-8.272,-7.308,7.6402937677253515,-8.157,,,556.0630000000002,0.12427653871398112,2.7693000000000003,5.66627874964411
36,generic_title2,100,DiffSBDD_42_num_sample_100,DiffSBDD,-5.205,-4.47,10000.0,10000.0,-4.874,-4.346,-2.655,-2.229,5.806187009639725,-6.715,3.3152916026537547,-5.5254928889724253,314.34200000000004,0.37438114780936255,-0.37229999999999824,4.8450833451793205
37,generic_title2,100,DiffSBDD_43_num_sample_100,DiffSBDD,-6.791,-5.432,-7.424,10000.0,-7.9,-7.061,-7.518,-6.739,6.387000743698094,-8.825,2.253538917284286,-5.4909458518135299,250.321,0.8072294298429428,1.7537999999999998,3.3805125797515094
38,generic_title2,100,DiffSBDD_44_num_sample_100,DiffSBDD,-7.752,-7.433,-9.285,10000.0,-8.862,-8.566,-9.293,-9.418,1.9283884655520198,-9.401,2.4682409593185692,-6.0976562523003066,372.4690000000001,0.444124125222445,1.1813999999999998,3.7436390837575555
39,generic_title2,100,DiffSBDD_45_num_sample_100,DiffSBDD,-5.342,-4.491,-7.862,10000.0,-5.213,-5.213,-8.4,-8.001,1.4650343121286564,-9.857,10.07964312448516,-5.0538014026382463,415.9810000000002,0.4253760980245275,3.140600000000002,5.033691491011517
40,generic_title2,100,DiffSBDD_46_num_sample_100,DiffSBDD,-5.561,-5.368,-0.8638,10000.0,-5.415,-5.103,-1.531,-1.516,2.743775683251092,-6.512,2.2857451492216097,-0.34352438295878229,241.33099999999993,0.5415850614118256,1.94318,2.8583303728908476
41,generic_title2,100,DiffSBDD_47_num_sample_100,DiffSBDD,-3.643,-2.879,-6.1,10000.0,-6.2,-6.045,-6.951,-6.608,5.612967248553418,-10.958,11.025179257523977,-5.7204134583433728,454.5100000000003,0.40056910034799,0.5194000000000014,6.586836471465079
42,generic_title2,100,DiffSBDD_48_num_sample_100,DiffSBDD,-7.77,-7.306,-6.811,10000.0,-7.218,-6.774,-6.696,-7.041,4.584888761630072,-8.747,1.8730404692812792,-7.0748104744394222,321.42100000000005,0.7017277031812902,0.3330000000000007,3.640345060573839
43,generic_title2,100,DiffSBDD_49_num_sample_100,DiffSBDD,-9.782,-9.488,-7.918,-7.792,-9.351,-9.101,-7.923,-8.106,0.3716707772567902,-9.952,9.351077493014257,-6.2475885792508334,344.5240000000001,0.8732649462590327,3.7923000000000027,4.164252380281607
44,generic_title2,100,DiffSBDD_4_num_sample_100,DiffSBDD,-9.018,-9.018,10000.0,10000.0,-7.877,-7.41,-8.719,-7.886,5.309208265589834,-12.028,4.094705338609211,-4.9149197649465171,372.49900000000014,0.5976850652928677,6.9123200000000065,3.846249896944368
45,generic_title2,100,DiffSBDD_50_num_sample_100,DiffSBDD,-6.576,-5.035,10000.0,10000.0,-7.026,-4.771,-7.846,10000.0,11.099883971442548,-8.081,12.577879306275333,-4.0507820703476298,574.6430000000003,0.18315692765509908,3.3077700000000005,6.224340568458194
46,generic_title2,100,DiffSBDD_51_num_sample_100,DiffSBDD,-7.35,-6.795,-5.684,-5.828,-7.451,-7.299,-6.292,-6.503,1.9978625900124936,-7.84,11.3685938689715,-5.2992299800934282,194.278,0.7160705682065427,1.8752,2.348141739538292
47,generic_title2,100,DiffSBDD_52_num_sample_100,DiffSBDD,-9.254,-7.986,10000.0,10000.0,-9.602,-8.636,-7.853,-7.393,2.646973626485603,-9.894,9.686405776197143,-3.5242533882771032,404.4270000000002,0.5129260250613215,1.2854,4.275004530902122
48,generic_title2,100,DiffSBDD_53_num_sample_100,DiffSBDD,-10.703,-10.404,-3.145,10000.0,-9.565,-8.749,-6.193,-5.952,11.131939414360824,-10.672,7.343342355875403,-5.3978366208939832,466.52500000000026,0.6919258799154165,4.507900000000004,4.5536237064416145
49,generic_title2,100,DiffSBDD_54_num_sample_100,DiffSBDD,-3.91,0.129,10000.0,10000.0,-3.414,-1.49,10000.0,10000.0,6.779768189252491,-7.087,,,305.4400000000001,0.7327787607250387,3.773500000000002,3.3695326592967643
50,generic_title2,100,DiffSBDD_55_num_sample_100,DiffSBDD,-8.705,-7.797,-8.054,-7.472,-7.758,-7.307,-8.226,-7.601,8.498216285990742,-8.577,2.037048856267395,-7.3221869737759375,337.485,0.7938185336399419,1.8659000000000001,5.4201210137039375
51,generic_title2,100,DiffSBDD_56_num_sample_100,DiffSBDD,-1.218,-1.218,10000.0,10000.0,-6.2,-6.2,-9.243,10000.0,3.3197707106709293,-14.453,7.447844110861359,-4.3773381091533334,471.61600000000027,0.52655470315342,6.134220000000007,6.623488705159244
52,generic_title2,100,DiffSBDD_57_num_sample_100,DiffSBDD,-8.141,-8.078,10000.0,10000.0,-6.625,-6.251,-6.351,-6.37,3.2342997310082438,-8.731,1.8063494515954572,-5.6338828588130063,365.4260000000002,0.35162776339275603,2.4381000000000004,5.026805570932835
53,generic_title2,100,DiffSBDD_58_num_sample_100,DiffSBDD,-7.912,-7.584,-6.137,-7.291,-8.241,-7.74,-7.659,-7.019,1.9103197774649963,-8.782,2.3098718222193253,-5.4865078435289849,335.46900000000005,0.5077814674844335,3.358600000000002,3.9324814572992297
54,generic_title2,100,DiffSBDD_59_num_sample_100,DiffSBDD,-2.312,-0.999,10000.0,10000.0,-3.065,-2.872,10000.0,10000.0,5.354678008193264,-10.328,14.112583024254054,-6.8430603541637343,478.6370000000002,0.36514973486381624,4.4212200000000035,4.376891054664318
55,generic_title2,100,DiffSBDD_5_num_sample_100,DiffSBDD,-4.937,-4.832,10000.0,10000.0,-5.202,-4.754,-7.664,10000.0,5.8111430941430156,-10.674,12.651964055088746,-5.5497730925701774,458.5740000000003,0.7271140600899215,3.0340000000000016,4.717084520006416
56,generic_title2,100,DiffSBDD_60_num_sample_100,DiffSBDD,-2.535,-2.535,-4.193,10000.0,-3.548,-3.548,-4.99,-4.022,3.412605502032135,-5.863,5.237576077321318,-4.5430667434838972,221.34799999999998,0.6487625715015805,1.0767999999999998,5.2082377292866155
57,generic_title2,100,DiffSBDD_61_num_sample_100,DiffSBDD,-7.621,-7.072,-7.175,10000.0,-7.804,-7.333,-8.071,-7.661,0.9871666120772116,-8.434,2.4619852196659915,-6.2189955890369299,369.48300000000006,0.6790167732793071,2.3484,4.309294864472564
58,generic_title2,100,DiffSBDD_62_num_sample_100,DiffSBDD,0.375,1.254,10000.0,10000.0,-3.913,-3.278,10000.0,10000.0,12.313558328304028,-7.41,11.890218795105136,-4.1621995229668549,651.7790000000001,0.2826782686881068,3.271300000000002,6.851893215608837
59,generic_title2,100,DiffSBDD_63_num_sample_100,DiffSBDD,-5.509,-5.22,-6.338,10000.0,-4.693,-3.266,-5.84,-5.803,1.2766059280969104,-8.388,8.193551663589664,-6.2161966953171301,315.5010000000001,0.34674404292546634,5.452900000000005,4.603167577621003
60,generic_title2,100,DiffSBDD_64_num_sample_100,DiffSBDD,-2.149,-1.106,10000.0,10000.0,-3.623,-2.537,10000.0,10000.0,1.7948807605087431,-9.419,10.315795464008975,-4.3037125857335585,518.5980000000003,0.4178128677710659,0.5333000000000003,5.738869603990782
61,generic_title2,100,DiffSBDD_65_num_sample_100,DiffSBDD,-6.179,-6.078,-5.099,-4.862,-5.919,-5.812,-5.042,-4.917,1.4488517766107876,-6.982,1.2357276654451774,-4.034233248351569,268.451,0.3444611605259571,3.3478800000000017,3.380619466455941
62,generic_title2,100,DiffSBDD_66_num_sample_100,DiffSBDD,1.393,1.898,10000.0,10000.0,-3.616,-2.951,10000.0,10000.0,9.434518260830993,-9.447,12.190520559247068,-4.8733694216932619,613.6990000000001,0.2003442334696083,1.2941000000000016,7.116793374765355
63,generic_title2,100,DiffSBDD_67_num_sample_100,DiffSBDD,-2.207,0.091,10000.0,10000.0,-6.029,-5.403,10000.0,10000.0,6.725185633538718,-9.21,5.534353451459726,-6.329022037702865,502.6710000000002,0.5518641173225568,3.761200000000003,6.0797453339096075
64,generic_title2,100,DiffSBDD_68_num_sample_100,DiffSBDD,14.925,17.353,10000.0,10000.0,6.508,12.55,10000.0,10000.0,12.14542799996466,-9.901,8.702504335084235,-7.6345268470788863,619.7770000000004,0.08647111050165243,2.6982999999999997,6.32235074863394
65,generic_title2,100,DiffSBDD_69_num_sample_100,DiffSBDD,-5.882,-4.146,-6.733,10000.0,-7.121,-6.751,-6.991,-5.876,3.180293878912765,-8.662,10.95218411930669,-4.3382705122726097,460.4110000000002,0.202407944454646,0.14459999999999956,4.895103822286879
66,generic_title2,100,DiffSBDD_6_num_sample_100,DiffSBDD,-7.485,-7.266,-7.276,10000.0,-6.53,-6.017,-7.991,-7.157,1.2209896631731807,-11.422,5.1255061259940575,-5.9618840755034146,475.5210000000002,0.3848468064236477,5.6424000000000065,5.487837451254763
67,generic_title2,100,DiffSBDD_70_num_sample_100,DiffSBDD,-5.156,-0.629,10000.0,10000.0,-5.01,-4.196,10000.0,10000.0,3.715067110613702,-8.809,5.887905609045826,-5.9586868499702517,497.0480000000003,0.14886936340225304,1.9874,5.091991843277391
68,generic_title2,100,DiffSBDD_71_num_sample_100,DiffSBDD,-8.132,-7.597,-5.456,10000.0,-8.488,-7.992,-6.021,-5.53,2.3726163752881995,-9.394,3.328570699441885,-5.6671159253383703,415.53500000000014,0.5427796543413438,0.833600000000002,5.01776871608718
69,generic_title2,100,DiffSBDD_72_num_sample_100,DiffSBDD,-6.782,-4.859,-7.662,10000.0,-7.537,-7.1,-7.908,-7.798,1.673106915292624,-9.162,6.2420241172036945,-6.7473853767034635,217.28699999999998,0.6761241642768124,3.9017000000000035,3.192016202832513
70,generic_title2,100,DiffSBDD_73_num_sample_100,DiffSBDD,-5.567,-2.723,-5.874,10000.0,-7.814,-6.31,-7.152,-6.377,7.231212679041033,-9.141,12.995673860159538,-6.12713138001007,283.375,0.8515097171340645,2.7501700000000007,3.666961511582471
71,generic_title2,100,DiffSBDD_74_num_sample_100,DiffSBDD,-0.208,10.469,10000.0,10000.0,-2.006,0.294,10000.0,10000.0,6.73720698531394,-9.562,7.438852698710596,-6.0409752045236962,407.35100000000017,0.3265746490146141,3.0961000000000016,5.206325851318299
72,generic_title2,100,DiffSBDD_75_num_sample_100,DiffSBDD,7.921,8.188,10000.0,10000.0,0.485,2.687,10000.0,10000.0,11.767925665194289,-9.788,12.4206229202025,-6.8471700347798858,545.6120000000002,0.3669494552875709,1.2407000000000001,5.386736276725164
73,generic_title2,100,DiffSBDD_76_num_sample_100,DiffSBDD,-4.91,-1.8,10000.0,10000.0,-6.089,-5.644,10000.0,10000.0,3.9680979980618196,-9.613,13.730871813142544,-7.5524858497272742,492.66400000000027,0.25003485621316246,3.6288000000000027,4.449091305600662
74,generic_title2,100,DiffSBDD_77_num_sample_100,DiffSBDD,-6.2,-1.961,-6.022,10000.0,-5.386,-3.65,-5.634,10000.0,4.238744450895807,-7.616,11.39448920953362,-4.938727767151649,402.4410000000001,0.47987662179492285,0.8059000000000003,6.634379845101742
75,generic_title2,100,DiffSBDD_78_num_sample_100,DiffSBDD,-7.27,0.713,10000.0,10000.0,-7.642,-5.824,10000.0,10000.0,7.7057717978149345,-10.406,13.787151810927947,-5.5993424948733495,477.6450000000003,0.3316948593301035,3.8023000000000025,7.156794098318021
76,generic_title2,100,DiffSBDD_79_num_sample_100,DiffSBDD,-7.221,-6.991,-8.591,10000.0,-7.365,-6.585,-10.15,-8.44,10.343038024266786,-11.81,7.900033184937297,-5.5841235935889744,405.5350000000002,0.6667605371456309,5.288900000000004,5.035023266343109
77,generic_title2,100,DiffSBDD_7_num_sample_100,DiffSBDD,-6.534,-6.534,-8.3,10000.0,-7.638,-7.638,-8.503,10000.0,6.6123499444508225,-9.6,3.4773933454581956,-6.124441643214821,467.4840000000001,0.4939943546281319,3.230900000000002,5.049138107791114
78,generic_title2,100,DiffSBDD_80_num_sample_100,DiffSBDD,-9.438,-9.438,-9.177,-8.713,-9.473,-9.456,-10.25,-10.1,0.8094297873473408,-12.732,12.56206251083858,-3.9912935593478887,447.5470000000001,0.706267548378557,3.9932000000000034,5.498375293316523
79,generic_title2,100,DiffSBDD_81_num_sample_100,DiffSBDD,-4.649,-3.988,-8.093,10000.0,-4.604,-4.445,-8.917,-7.896,9.980122880944403,-8.28,10.287817963448802,-5.8200225832990977,467.58800000000025,0.4411998533724386,1.257100000000001,4.943389797800293
80,generic_title2,100,DiffSBDD_82_num_sample_100,DiffSBDD,-7.892,-7.402,-8.585,10000.0,-7.68,-7.68,-8.512,-8.561,0.46526235302553454,-12.879,6.609592752024622,-5.2315825630354489,495.51700000000034,0.4277394342327818,5.5099000000000045,5.589441646587775
81,generic_title2,100,DiffSBDD_83_num_sample_100,DiffSBDD,-10.108,-9.627,-8.856,-6.853,-9.005,-8.156,-7.87,-7.533,0.27069363398177804,-10.254,9.334841131056585,-7.8544189020240749,307.43700000000007,0.8915894928958089,3.536900000000003,4.409065033686028
82,generic_title2,100,DiffSBDD_84_num_sample_100,DiffSBDD,8.032,8.032,10000.0,10000.0,-1.618,-1.18,-0.7768,10000.0,,,12.758402262302383,-3.4171843804607414,645.6890000000004,0.20857018464138707,2.1228000000000007,6.061404985629259
83,generic_title2,100,DiffSBDD_85_num_sample_100,DiffSBDD,-0.386,1.495,10000.0,10000.0,-1.188,-0.72,10000.0,10000.0,11.479928223981968,-9.239,6.4126925159938954,-4.4590338113018531,507.71200000000033,0.28762511109053723,3.391400000000002,5.893808450884316
84,generic_title2,100,DiffSBDD_86_num_sample_100,DiffSBDD,-3.927,-2.18,10000.0,10000.0,-5.5,-4.842,10000.0,10000.0,9.788175158492688,-8.939,9.992307785173727,-6.3765106953906923,444.47500000000014,0.6305853017702081,2.758300000000001,5.1476689985149875
85,generic_title2,100,DiffSBDD_87_num_sample_100,DiffSBDD,-4.078,-4.078,-6.922,10000.0,-6.446,-5.917,-8.07,-7.039,2.647744069046783,-10.368,11.624468237664502,-6.195929250002969,439.53400000000016,0.5389874931263565,2.0848999999999993,4.940325472365572
86,generic_title2,100,DiffSBDD_88_num_sample_100,DiffSBDD,-7.997,-7.379,-8.009,10000.0,-7.043,-6.851,-7.636,-6.978,1.8400693535316681,-11.42,11.687971971920758,-6.3218607724096048,447.5320000000003,0.6369708586795069,1.8402999999999996,6.0289546319843605
87,generic_title2,100,DiffSBDD_89_num_sample_100,DiffSBDD,-5.993,-5.622,-8.258,10000.0,-5.329,-5.329,-8.294,-8.211,8.007428547010823,-9.427,9.901508490603497,-6.1306044374135853,421.66900000000027,0.5249258895953794,6.921840000000008,5.966502681167496
88,generic_title2,100,DiffSBDD_8_num_sample_100,DiffSBDD,-6.389,-4.648,10000.0,10000.0,-5.541,-5.541,-7.068,-6.374,9.36299993324789,-9.455,9.045320400611361,-4.5176066204992704,449.5440000000002,0.40825287723051434,2.4419200000000005,5.538517518692823
89,generic_title2,100,DiffSBDD_90_num_sample_100,DiffSBDD,-5.583,-4.905,10000.0,10000.0,-7.275,-7.048,-8.163,-8.354,3.556658975635071,-11.067,10.153514347367011,-7.9759902691135025,402.6070000000002,0.5618737557593577,6.697100000000007,3.5428136033003135
90,generic_title2,100,DiffSBDD_91_num_sample_100,DiffSBDD,16.228,19.851,10000.0,10000.0,8.705,9.474,10000.0,10000.0,12.459210310549382,-10.37,10.330182266007137,-7.0206253456454872,728.2209999999999,0.09761545067513275,4.810300000000003,5.461154785810876
91,generic_title2,100,DiffSBDD_92_num_sample_100,DiffSBDD,-8.206,-7.295,-8.826,10000.0,-7.015,-7.015,-9.473,-8.786,0.6794335876301673,-11.273,2.9816951234727935,-5.1257285903671344,489.6690000000004,0.44973936463078495,6.075600000000007,5.0447232503942105
92,generic_title2,100,DiffSBDD_93_num_sample_100,DiffSBDD,-2.415,-2.415,-5.426,10000.0,-2.878,-2.715,-5.406,-5.369,7.508921604775658,-7.142,6.253277992072911,-5.7534956919236464,168.32399999999996,0.5407007236039596,4.2489000000000035,3.1432847661836174
93,generic_title2,100,DiffSBDD_94_num_sample_100,DiffSBDD,2.756,10.128,10000.0,10000.0,0.176,2.753,10000.0,10000.0,11.417097287839848,-8.113,11.691405636773936,-5.0246143884167118,367.5300000000002,0.4248231661655677,3.5678000000000027,5.707153549708648
94,generic_title2,100,DiffSBDD_9_num_sample_100,DiffSBDD,-7.236,-7.187,-7.506,-6.56,-7.54,-7.464,-7.603,-7.691,2.8206434475724387,-8.977,3.2386691135341636,-5.377612848664362,354.37399999999997,0.4423770311205755,2.5298000000000007,3.619839543548431
95,generic_title2,100,Pocket2Mol_0_num_sample_100,Pocket2Mol,-4.775,-1.216,-4.088,10000.0,-5.088,-4.636,-5.716,-5.151,7.637208959279058,-7.393,7.426678005223347,-6.4659556633302442,172.187,0.6045545217254267,1.5646999999999998,2.3239687440916654
96,generic_title2,100,Pocket2Mol_10_num_sample_100,Pocket2Mol,-2.936,-2.882,-4.438,-4.244,-2.97,-2.801,-5.022,-4.194,7.508453299337576,-4.403,7.464988903931049,-4.5917295816888997,82.10199999999999,0.4628605847396023,1.5880200000000002,3.0959151636707762
97,generic_title2,100,Pocket2Mol_11_num_sample_100,Pocket2Mol,-1.737,-1.582,-3.63,-3.399,-1.775,-1.664,-3.63,-3.538,6.811213762428837,-2.458,0.6443227070381734,-4.1655750806090941,59.111999999999995,0.3844627806876072,0.17779999999999996,1.8698942003141337
98,generic_title2,100,Pocket2Mol_12_num_sample_100,Pocket2Mol,-2.989,-2.879,-4.761,-4.393,-3.008,-2.898,-4.665,-4.328,7.465663620647978,-4.424,5.611899113935362,-4.6113189360806075,84.118,0.42968901482928296,1.3105,3.6220690098246227
99,generic_title2,100,Pocket2Mol_13_num_sample_100,Pocket2Mol,-3.653,-2.914,-4.573,10000.0,-3.704,-3.358,-4.694,-4.457,7.4878202174312,-5.026,6.959189234633891,-5.2882296106810713,96.13300000000001,0.4721354730000415,0.6511000000000001,3.88165192660505
100,generic_title2,100,Pocket2Mol_14_num_sample_100,Pocket2Mol,-3.204,-2.919,-4.89,10000.0,-3.344,-3.281,-5.247,-4.935,7.898952900226713,-4.254,3.3641928516036357,-5.1039489083109046,102.133,0.47172843530800823,0.15770000000000012,2.916413580520361
101,generic_title2,100,Pocket2Mol_15_num_sample_100,Pocket2Mol,-1.76,-1.76,-4.635,-4.313,-2.172,-2.172,-4.918,-4.493,7.325677822368579,-3.968,6.256726790409777,-4.9712332722627846,102.13300000000001,0.44111814422325407,0.4233,2.179368641469134
102,generic_title2,100,Pocket2Mol_16_num_sample_100,Pocket2Mol,-3.234,-2.217,-5.168,10000.0,-3.282,-3.043,-5.2,-4.831,4.097601344340718,-4.413,4.490968946108957,-4.7539904786882188,100.161,0.44873678423554825,1.5754000000000001,2.715776622961327
103,generic_title2,100,Pocket2Mol_17_num_sample_100,Pocket2Mol,-3.26,-2.91,-4.727,-3.775,-3.309,-2.918,-5.254,-4.677,7.8238189943092555,-4.567,6.447230915402169,-4.9323997562334636,95.10099999999997,0.5163288713332985,0.7871999999999999,2.1524866634471564
104,generic_title2,100,Pocket2Mol_18_num_sample_100,Pocket2Mol,-2.232,-2.132,-4.842,-4.497,-2.411,-2.411,-4.948,-4.878,7.18472262800928,-4.06,6.719445022998147,-4.9746387659777351,100.11699999999999,0.44219820121012926,0.5469,3.605542267842761
105,generic_title2,100,Pocket2Mol_19_num_sample_100,Pocket2Mol,-3.299,-2.799,-4.792,-3.658,-3.286,-3.165,-4.397,-4.155,7.876187467115219,-4.552,5.600177540151333,-4.6318202304297946,94.11699999999999,0.5126510027980979,0.6638000000000001,1.9510597403702317
106,generic_title2,100,Pocket2Mol_1_num_sample_100,Pocket2Mol,-2.371,-2.172,-4.632,-4.089,-2.658,-2.366,-4.756,-4.182,7.481386409483204,-3.688,4.405644429281328,-4.3416368275897899,67.09100000000001,0.4001053003635776,0.9746,4.1603114592114405
107,generic_title2,100,Pocket2Mol_20_num_sample_100,Pocket2Mol,-3.094,-2.279,-4.601,-3.735,-3.328,-2.92,-4.609,-4.388,7.679166670376974,-4.7,7.4567870166968415,-5.1683606448010835,95.10099999999998,0.5163288713332986,0.7871999999999999,1.924198201908693
108,generic_title2,100,Pocket2Mol_21_num_sample_100,Pocket2Mol,-3.091,-2.589,-4.19,-3.446,-3.117,-3.1,-4.105,-3.771,7.863766126899467,-4.489,6.927074836830892,-4.5514163705385844,95.105,0.49531271324374415,0.05879999999999996,2.4027143557548474
109,generic_title2,100,Pocket2Mol_22_num_sample_100,Pocket2Mol,-2.611,-2.258,-4.374,-3.94,-2.666,-2.355,-4.498,-3.932,7.5270047051931614,-3.729,5.766851059681201,-4.3833129620262099,68.075,0.44603148755014616,1.2796,3.4100345361345177
110,generic_title2,100,Pocket2Mol_23_num_sample_100,Pocket2Mol,-3.354,-2.944,-5.032,-4.442,-3.405,-3.317,-5.002,-4.729,7.819207403110442,-4.885,6.765304046625463,-5.4966192383322054,97.092,0.47397196118629864,1.2207000000000001,1.7338205096010029
111,generic_title2,100,Pocket2Mol_24_num_sample_100,Pocket2Mol,-3.204,-2.919,-4.627,-4.241,-3.062,-2.961,-4.878,-4.68,7.898952900226713,-4.254,3.3601394523534713,-5.3178440719613489,100.11699999999999,0.45518748828298783,-0.23399999999999999,4.11887588220895
112,generic_title2,100,Pocket2Mol_25_num_sample_100,Pocket2Mol,-3.277,-2.554,-4.478,10000.0,-3.315,-3.106,-4.817,-3.984,7.390950260961036,-4.252,2.6785334621827244,-5.1294661048787047,97.12100000000001,0.48885445333814254,0.3003200000000001,2.867144234297358
113,generic_title2,100,Pocket2Mol_26_num_sample_100,Pocket2Mol,-3.383,-3.15,-4.7,-4.339,-3.396,-3.325,-4.85,-4.916,7.8264525421346365,-4.594,7.148803742285069,-5.5115317335765512,100.11699999999998,0.4317802773832795,-0.06629999999999986,4.1131851189818995
114,generic_title2,100,Pocket2Mol_27_num_sample_100,Pocket2Mol,-3.639,-3.004,-5.055,10000.0,-3.699,-3.491,-5.374,-4.773,7.169695768699972,-4.942,6.786579851978251,-5.3628510823254461,96.12899999999998,0.44348494908983205,1.4766000000000001,3.665788201908695
115,generic_title2,100,Pocket2Mol_28_num_sample_100,Pocket2Mol,-3.359,-2.672,-4.641,10000.0,-3.395,-3.165,-4.61,-4.507,7.157298825936361,-4.505,6.764643935957426,-4.9796108896623927,111.09999999999998,0.511970565448161,0.49279999999999996,2.4995663722729624
116,generic_title2,100,Pocket2Mol_29_num_sample_100,Pocket2Mol,-2.657,-2.657,-5.222,-4.363,-2.531,-2.531,-5.23,-4.948,2.844444402690972,-3.996,3.39499375312588,-5.4281344588461673,118.13199999999999,0.4610644180226709,-0.6058999999999999,2.733699634662745
117,generic_title2,100,Pocket2Mol_2_num_sample_100,Pocket2Mol,-2.612,-2.599,-4.152,-3.486,-2.449,-2.372,-3.959,-3.604,8.061153127065632,-3.82,7.357854015414522,-4.4520914450324369,67.09100000000001,0.4658690337597367,1.0147,3.427942228442209
118,generic_title2,100,Pocket2Mol_30_num_sample_100,Pocket2Mol,-3.277,-2.838,-4.726,-3.52,-3.315,-3.145,-4.249,-4.038,7.454136772121907,-4.427,7.001707332817895,-4.7383483106045876,110.11599999999999,0.5271940515548245,0.48519999999999996,2.1176722099135823
119,generic_title2,100,Pocket2Mol_31_num_sample_100,Pocket2Mol,-3.805,-3.591,-5.718,-4.334,-3.985,-3.753,-5.01,-4.884,3.791076262916641,-5.176,4.972616415718037,-4.9745628549197525,112.172,0.4619537493319786,1.5754000000000001,3.781575887017061
120,generic_title2,100,Pocket2Mol_32_num_sample_100,Pocket2Mol,-4.507,-3.44,-5.087,10000.0,-4.416,-4.181,-5.248,-5.196,7.595779614730509,-6.323,7.467148848335213,-6.1634313435061117,120.15099999999997,0.5052002537494946,1.6215,1.6951459559435058
121,generic_title2,100,Pocket2Mol_33_num_sample_100,Pocket2Mol,-2.618,-2.599,-4.008,-3.568,-2.411,-2.371,-4.104,-3.737,8.151527941435276,-3.826,6.606134922570883,-4.3492726410395743,69.10700000000001,0.4363003915587601,0.4934,4.025265305365286
122,generic_title2,100,Pocket2Mol_34_num_sample_100,Pocket2Mol,-3.471,-2.585,-5.257,10000.0,-4.05,-3.791,-5.363,-5.141,4.917308430206283,-4.987,5.035972992493252,-5.2555806481143073,128.171,0.4833661011031188,0.9543,4.226955661689468
123,generic_title2,100,Pocket2Mol_35_num_sample_100,Pocket2Mol,-4.243,-3.425,-5.323,-4.709,-4.265,-4.048,-5.546,-5.474,7.573100711729642,-5.518,4.867035187215861,-5.2670130026348172,121.13899999999998,0.5108309052932271,1.0165,2.4179151867127366
124,generic_title2,100,Pocket2Mol_36_num_sample_100,Pocket2Mol,-3.987,-2.992,-5.669,10000.0,-3.944,-3.821,-5.445,-4.765,7.694224882483109,-5.832,7.449391530509605,-4.8164177495887337,122.12299999999996,0.5176682759164257,1.4153,1.5241767251742733
125,generic_title2,100,Pocket2Mol_37_num_sample_100,Pocket2Mol,-4.453,-3.564,-5.261,-4.441,-4.495,-4.094,-5.297,-5.104,7.4889202103285,-6.217,7.5634864998070395,-6.1652955048077036,120.15099999999997,0.4766763715118781,1.9344000000000001,3.517499802097351
126,generic_title2,100,Pocket2Mol_38_num_sample_100,Pocket2Mol,-4.444,-3.587,-5.141,-4.493,-4.539,-3.903,-5.53,-4.857,7.491434026717893,-6.228,6.845876222416666,-5.9571401856475354,118.13499999999995,0.5174240042877333,2.4328000000000003,1.8035049303024806
127,generic_title2,100,Pocket2Mol_39_num_sample_100,Pocket2Mol,-4.199,-3.556,-5.573,10000.0,-4.179,-3.92,-5.42,-5.546,7.627652336510013,-5.58,6.85711695748679,-5.6322507545838096,119.12299999999996,0.5283477685064296,1.8277999999999996,2.3818177508152996
128,generic_title2,100,Pocket2Mol_3_num_sample_100,Pocket2Mol,-2.149,-1.902,0.9221,2.9,-2.161,-2.064,-1.775,-1.633,7.548726355882825,-3.262,6.3773911917933805,-2.1704930607515194,74.079,0.38296659073251405,0.17930000000000001,1.7363164941764762
129,generic_title2,100,Pocket2Mol_40_num_sample_100,Pocket2Mol,-3.537,-2.028,-4.758,10000.0,-3.29,-3.071,-4.878,-4.37,7.994811296153969,-4.624,6.150828324925867,-4.9724634537282419,130.099,0.540666414130691,-0.0408,2.939755391840942
130,generic_title2,100,Pocket2Mol_41_num_sample_100,Pocket2Mol,-3.855,-2.999,-5.104,10000.0,-3.848,-3.805,-5.299,-5.307,7.912194898312913,-5.726,7.514564908665504,-6.2247530813576892,138.19099999999997,0.542794855436533,2.1285999999999996,2.5404433918409417
131,generic_title2,100,Pocket2Mol_42_num_sample_100,Pocket2Mol,-3.95,-2.581,-6.276,10000.0,-4.187,-3.999,-6.237,-5.33,4.806240984040091,-5.401,3.703233603614024,-5.3158892516688372,126.199,0.48185805075088745,1.9655,3.7010680877249715
132,generic_title2,100,Pocket2Mol_43_num_sample_100,Pocket2Mol,-4.361,-3.343,-5.315,-4.177,-4.382,-4.222,-5.413,-4.716,8.107436470851246,-5.752,7.474561542534117,-5.8400686466777261,121.13899999999997,0.5605093587592868,1.4483999999999997,2.426233135430685
133,generic_title2,100,Pocket2Mol_44_num_sample_100,Pocket2Mol,-2.14,-1.747,-4.401,-3.958,-2.089,-1.878,-4.4,-3.838,7.401723216386843,-2.908,6.865629680553649,-4.671875578278871,85.131,0.4600956630432944,1.1431,3.835803766903747
134,generic_title2,100,Pocket2Mol_45_num_sample_100,Pocket2Mol,-4.14,-3.345,-5.483,-4.322,-4.156,-3.821,-5.483,-5.507,8.418175714224287,-5.197,7.488306001921952,-5.4050739330353288,123.11099999999998,0.511187577082468,0.8102999999999999,2.2609151867127366
135,generic_title2,100,Pocket2Mol_46_num_sample_100,Pocket2Mol,-4.237,0.221,-5.153,10000.0,-4.154,-3.494,-5.25,-4.652,7.387948986220736,-6.347,6.456002068739972,-6.0225925119532802,136.15,0.5371677140562678,1.4578,1.5786724435985917
136,generic_title2,100,Pocket2Mol_47_num_sample_100,Pocket2Mol,-4.502,-3.564,-5.257,-4.161,-4.384,-4.273,-6.057,-5.148,7.7894936540188535,-6.293,6.834728726958438,-6.1130463580309868,134.13399999999996,0.5393505970892538,1.9289999999999998,2.6821370589832068
137,generic_title2,100,Pocket2Mol_48_num_sample_100,Pocket2Mol,-4.685,-3.724,-5.741,10000.0,-4.72,-4.595,-5.42,-5.22,7.368937343742311,-6.372,7.319964526195594,-5.8968871093183814,135.16599999999997,0.575348655938031,1.1260999999999999,2.484801674367821
138,generic_title2,100,Pocket2Mol_49_num_sample_100,Pocket2Mol,-4.87,-3.996,-5.609,10000.0,-5.01,-4.879,-6.088,-5.7,7.273815347463806,-6.837,7.266280614355944,-6.292055042246397,134.17799999999997,0.5270652878208939,2.0116,1.7360155205216667
139,generic_title2,100,Pocket2Mol_4_num_sample_100,Pocket2Mol,-2.483,-2.44,-3.673,-3.101,-2.312,-2.146,-3.823,-3.246,9.98782906211355,-3.877,7.564714890416532,-4.4146827521523342,68.07900000000001,0.4683433019217652,0.40969999999999995,3.744234536134517
140,generic_title2,100,Pocket2Mol_50_num_sample_100,Pocket2Mol,-3.728,-1.691,-5.789,10000.0,-4.111,-3.756,-5.295,-4.221,8.547466555711113,-6.02,8.43675518528574,-6.5342231889560276,138.12199999999996,0.5834330941778785,1.1209,1.8388852817948766
141,generic_title2,100,Pocket2Mol_51_num_sample_100,Pocket2Mol,-3.669,-1.262,-5.993,10000.0,-4.659,-3.604,-5.894,-4.812,8.487911511378991,-6.231,7.476038602659239,-6.4545579018316213,156.18099999999998,0.5694731343119236,2.2676999999999996,2.7436025231741876
142,generic_title2,100,Pocket2Mol_52_num_sample_100,Pocket2Mol,-3.967,-3.572,-7.768,10000.0,-4.534,-4.03,-7.725,-7.414,7.561512002701575,-6.015,5.026701108078418,-6.1327988695307303,135.12199999999999,0.4000484911567668,1.0661999999999998,3.270859287099917
143,generic_title2,100,Pocket2Mol_53_num_sample_100,Pocket2Mol,-4.383,-3.485,-6.195,10000.0,-4.435,-4.229,-5.843,-5.128,7.80966753031139,-6.318,7.099593767039469,-6.0009877603202959,133.14999999999998,0.5282612995856392,1.7812999999999999,2.7986109051370516
144,generic_title2,100,Pocket2Mol_54_num_sample_100,Pocket2Mol,-3.526,-1.742,-5.373,10000.0,-4.482,-4.097,-6.139,-4.495,8.615739623154822,-6.499,8.270691656203168,-6.901501179335563,136.14999999999995,0.5825799490438035,1.3270999999999997,2.09087095818745
145,generic_title2,100,Pocket2Mol_55_num_sample_100,Pocket2Mol,-2.379,-1.949,-4.274,10000.0,-2.683,-2.358,-4.414,-4.151,7.276711538325536,-3.648,5.2029507047211965,-4.4077967722555043,72.107,0.4109376010493491,0.7968000000000001,2.0262776130575944
146,generic_title2,100,Pocket2Mol_56_num_sample_100,Pocket2Mol,-4.723,-3.68,-5.246,10000.0,-4.666,-4.474,-5.321,-5.046,7.748102128134348,-6.312,6.855413709162089,-6.0109695012768212,135.166,0.5815694215109966,1.4909,2.096777058983207
147,generic_title2,100,Pocket2Mol_57_num_sample_100,Pocket2Mol,-4.376,-3.409,-5.457,10000.0,-4.482,-4.316,-5.472,-5.424,7.696397317706512,-6.455,7.283008737837255,-6.201424522410278,136.14999999999998,0.5383986644808122,1.5531,2.003130905137052
148,generic_title2,100,Pocket2Mol_58_num_sample_100,Pocket2Mol,-4.837,-3.852,-5.652,10000.0,-4.845,-4.75,-5.833,-5.662,7.047343637712014,-6.943,7.182953836567474,-6.317475800563221,132.16199999999998,0.5248586037624025,2.0922,2.3776047512908978
149,generic_title2,100,Pocket2Mol_59_num_sample_100,Pocket2Mol,-4.35,-3.601,-7.576,10000.0,-4.591,-4.156,-7.574,-7.373,7.6495379060437365,-6.02,7.593094914555777,-6.0906576805378441,137.138,0.37945703433735234,0.2549,3.219867244659598
150,generic_title2,100,Pocket2Mol_5_num_sample_100,Pocket2Mol,-2.891,-2.814,-4.788,-4.458,-3.051,-3.044,-4.766,-4.688,7.573901007516977,-4.385,3.822074923452988,-4.2146079606333853,86.134,0.42994002180165675,1.1869,1.9174305482861609
151,generic_title2,100,Pocket2Mol_60_num_sample_100,Pocket2Mol,-3.889,-1.571,-6.215,10000.0,-4.384,-4.036,-5.767,-5.379,7.885044610123417,-6.533,7.5752242124063836,-6.5642005300388186,152.149,0.6059227100298374,1.1634,1.8647186055279992
152,generic_title2,100,Pocket2Mol_61_num_sample_100,Pocket2Mol,-4.935,-3.655,-7.096,10000.0,-5.024,-4.71,-7.301,-5.942,8.806834982196293,-6.615,7.507183489132768,-6.3267158691218004,149.14899999999997,0.6109164981285136,2.2338999999999993,2.441523413220306
153,generic_title2,100,Pocket2Mol_62_num_sample_100,Pocket2Mol,-4.549,-3.68,-5.937,10000.0,-4.875,-4.673,-5.781,-5.518,7.637900975756006,-6.507,8.400273731769502,-6.1406175431734873,150.177,0.605391083977234,1.6300999999999999,1.7333056247587688
154,generic_title2,100,Pocket2Mol_63_num_sample_100,Pocket2Mol,-4.702,-3.646,-6.107,10000.0,-5.025,-4.667,-6.112,-5.267,7.437695470555869,-6.5,8.376356091435484,-6.2043362331854564,148.16099999999997,0.619310760729826,2.4414000000000007,1.84130129783569
155,generic_title2,100,Pocket2Mol_64_num_sample_100,Pocket2Mol,-4.761,-3.559,-5.168,10000.0,-4.798,-4.499,-5.738,-5.405,7.5932841584461395,-6.333,7.376280115250751,-6.0853934311145936,152.12399999999997,0.5661168880684818,2.0681,2.987788797835691
156,generic_title2,100,Pocket2Mol_65_num_sample_100,Pocket2Mol,-4.105,2.121,-5.304,10000.0,-4.475,-3.495,-4.848,10000.0,7.865598285514645,-6.728,6.6183726997048495,-6.3417068365794869,154.14,0.5646384443198598,1.5969,1.7828575478356914
157,generic_title2,100,Pocket2Mol_66_num_sample_100,Pocket2Mol,-2.382,-2.171,-4.498,-3.909,-2.434,-2.319,-4.37,-3.81,7.502929979814554,-3.695,7.756495638649208,-4.5168870380795525,65.075,0.3944190016783178,0.7396,6.083496074596056
158,generic_title2,100,Pocket2Mol_67_num_sample_100,Pocket2Mol,-4.305,-1.355,-6.334,10000.0,-4.526,-3.832,-6.444,-5.063,7.6920866873335845,-6.902,6.951561027126124,-6.1889662947998998,150.177,0.5607444578665844,1.76622,1.7225748555279985
159,generic_title2,100,Pocket2Mol_68_num_sample_100,Pocket2Mol,-4.356,-2.206,-5.269,10000.0,-4.606,-4.054,-5.241,-5.219,8.07387337859818,-6.281,7.1175100211474875,-5.7953499035344338,152.149,0.6059227100298374,1.1633999999999998,2.1418926439895376
160,generic_title2,100,Pocket2Mol_69_num_sample_100,Pocket2Mol,-4.728,-2.642,-6.687,10000.0,-5.093,-4.829,-5.889,-5.507,7.2219978523951385,-7.452,7.107438331780707,-6.3704042151051485,150.152,0.5506633519959185,2.2313,2.6260104324510767
161,generic_title2,100,Pocket2Mol_6_num_sample_100,Pocket2Mol,-2.805,-1.917,-4.367,-3.961,-2.374,-2.286,-4.223,-4.187,9.890983429956126,-3.357,5.427681587046689,-4.3052470502040832,88.10600000000001,0.4157492501598946,0.03320000000000001,2.231084394440007
162,generic_title2,100,Pocket2Mol_70_num_sample_100,Pocket2Mol,-4.614,-2.69,-6.465,10000.0,-5.162,-5.01,-6.354,-5.577,8.429344286101758,-7.279,7.461101597020047,-6.3962468360545142,152.16799999999998,0.5531074259161977,2.1507000000000005,2.0144734132203066
163,generic_title2,100,Pocket2Mol_71_num_sample_100,Pocket2Mol,-4.281,-2.782,-6.4,10000.0,-4.671,-4.15,-6.225,-5.017,8.530186499932833,-6.812,7.0343205352056,-5.9691987190769611,151.14,0.5546882699893014,1.9203999999999999,3.0376003362972295
164,generic_title2,100,Pocket2Mol_72_num_sample_100,Pocket2Mol,-4.894,0.565,-6.619,10000.0,-4.791,-3.908,-4.833,-5.097,6.024346272946438,-6.162,7.036225545817173,-6.0854095503722201,154.14,0.5646384443198598,1.5969,2.054112355527998
165,generic_title2,100,Pocket2Mol_73_num_sample_100,Pocket2Mol,-4.556,-3.733,-7.198,10000.0,-4.44,-4.111,-7.523,-5.192,9.08835352395381,-6.571,7.526356626834949,-6.4274943057871532,151.165,0.5962883096724118,1.4225999999999999,2.3293436055279972
166,generic_title2,100,Pocket2Mol_74_num_sample_100,Pocket2Mol,-3.562,-1.622,-6.695,10000.0,-3.807,-3.766,-5.622,-5.694,8.22772658636637,-7.4,7.699104914525324,-6.3096717869462795,164.16,0.5409199352831621,1.2358,1.9458993636056405
167,generic_title2,100,Pocket2Mol_75_num_sample_100,Pocket2Mol,-4.558,-3.488,-5.638,10000.0,-5.214,-5.023,-6.55,-5.474,7.2465833592459274,-6.855,8.489239860065378,-6.324956313085079,163.13199999999998,0.4784788487547699,2.341,2.1090356790548945
168,generic_title2,100,Pocket2Mol_76_num_sample_100,Pocket2Mol,-3.973,-2.206,-5.462,10000.0,-4.588,-4.05,-5.799,-5.384,4.763080445468039,-6.062,4.841398911924098,-7.0322127259893961,168.148,0.6030216555199884,0.869,2.406316674530009
169,generic_title2,100,Pocket2Mol_77_num_sample_100,Pocket2Mol,-2.6,-2.153,-4.232,-4.032,-2.698,-2.606,-4.181,-4.154,7.589719976125601,-3.758,7.605631270569748,-4.4942478098487655,70.091,0.4115111803650166,0.9204,3.9102868438268246
170,generic_title2,100,Pocket2Mol_78_num_sample_100,Pocket2Mol,-4.712,-1.768,-5.444,10000.0,-4.825,-4.269,-5.399,-5.38,6.033311107164401,-5.905,4.451474813331083,-5.1832818024863467,166.176,0.6318354407991179,1.4664,1.8756281548144305
171,generic_title2,100,Pocket2Mol_79_num_sample_100,Pocket2Mol,-3.579,-1.436,-5.329,10000.0,-3.631,-3.631,-5.454,-5.542,7.931910394465719,-6.825,6.00938727622244,-5.7376616393304047,164.204,0.5827454506894257,1.90402,2.2599657372320134
172,generic_title2,100,Pocket2Mol_7_num_sample_100,Pocket2Mol,-3.009,-2.605,-4.57,-4.234,-3.203,-2.729,-4.56,-4.355,7.278862258393592,-4.346,5.293339585338683,-4.8702879432212915,79.10199999999999,0.4531479654842905,1.0816,1.3717690098246216
173,generic_title2,100,Pocket2Mol_80_num_sample_100,Pocket2Mol,-4.697,-3.333,-5.674,10000.0,-5.195,-5.093,-5.619,-5.533,7.32622302002653,-6.804,8.479577481105903,-6.3115148345992207,165.148,0.4680053256102512,1.5297,1.9961813804123612
174,generic_title2,100,Pocket2Mol_81_num_sample_100,Pocket2Mol,-4.663,-0.293,-5.194,10000.0,-4.493,-3.271,-5.129,10000.0,8.03805321875266,-6.393,5.613353447024975,-6.2876288066807096,168.148,0.5641028551612686,0.8689999999999998,2.3030976700051227
175,generic_title2,100,Pocket2Mol_82_num_sample_100,Pocket2Mol,-4.453,-2.434,-6.138,10000.0,-4.863,-4.188,-5.964,-5.165,7.38856844648091,-6.562,4.490091438868237,-5.8921803778510764,166.176,0.6837006811063936,1.3356999999999997,2.1055293442132683
176,generic_title2,100,Pocket2Mol_83_num_sample_100,Pocket2Mol,-4.676,-3.592,-5.934,10000.0,-5.061,-4.843,-6.14,-6.075,8.11709408650452,-6.595,6.0044004106357765,-7.0594219132467071,167.16400000000002,0.6170188559381686,1.2063,2.792139751453087
177,generic_title2,100,Pocket2Mol_84_num_sample_100,Pocket2Mol,-4.784,-3.808,-5.704,10000.0,-5.064,-4.826,-5.979,-6.046,8.687859584356781,-6.621,5.767874719642285,-6.7362623567342084,165.192,0.63908481296608,1.4469,2.611093145118245
178,generic_title2,100,Pocket2Mol_85_num_sample_100,Pocket2Mol,-3.422,-2.184,-5.286,10000.0,-3.881,-3.738,-5.836,-5.573,7.917634653680774,-6.06,6.794112476737757,-5.3154154105155644,166.18,0.5685523486253081,0.69402,3.1787767262430027
179,generic_title2,100,Pocket2Mol_86_num_sample_100,Pocket2Mol,-4.952,-3.766,-6.103,10000.0,-4.35,-4.35,-6.13,-5.469,7.195288176241912,-6.783,8.59928044161354,-6.8694285850764922,163.22,0.6243065935699267,1.6874999999999998,2.0495745930820455
180,generic_title2,100,Pocket2Mol_87_num_sample_100,Pocket2Mol,-3.254,-1.772,-5.652,10000.0,-3.729,-3.729,-6.272,-5.61,4.113481281759358,-6.399,6.271456319829599,-5.6367009843813083,180.159,0.6035045808986912,0.9414,2.3112551346242114
181,generic_title2,100,Pocket2Mol_88_num_sample_100,Pocket2Mol,-1.873,-1.419,-2.905,10000.0,-1.851,-1.764,-1.875,-1.495,7.8089112269253,-3.006,4.128419045575654,-2.6383507104043078,76.095,0.48573367049540345,-0.37489999999999996,2.14296447696292
182,generic_title2,100,Pocket2Mol_89_num_sample_100,Pocket2Mol,-4.159,-1.574,-5.827,10000.0,-4.196,-4.194,-5.753,-5.701,4.9357762104081235,-6.888,6.007759576796033,-5.8145429078442756,178.187,0.5651789409116841,1.54422,2.2196572136262898
183,generic_title2,100,Pocket2Mol_8_num_sample_100,Pocket2Mol,-3.003,-2.526,-4.89,10000.0,-2.973,-2.895,-5.078,-4.634,7.41843973948251,-4.352,6.90645620354876,-4.8818662069998613,81.11800000000001,0.41726114535391756,1.3647,3.9686545301866136
184,generic_title2,100,Pocket2Mol_90_num_sample_100,Pocket2Mol,-5.145,-3.986,-5.726,10000.0,-5.224,-4.842,-6.796,-5.34,7.838332457274904,-7.395,7.477356024987875,-6.6207155374002955,178.19099999999997,0.6761727615595393,1.1120999999999999,1.9620139703830475
185,generic_title2,100,Pocket2Mol_91_num_sample_100,Pocket2Mol,-3.734,-2.158,-5.792,10000.0,-3.98,-3.928,-5.67,-5.821,8.536023822645367,-6.716,6.843895097624575,-5.0301342258278963,180.16299999999998,0.5775762465375104,0.21299999999999997,2.6883532635223393
186,generic_title2,100,Pocket2Mol_92_num_sample_100,Pocket2Mol,-3.71,-3.71,-5.859,10000.0,-3.822,-3.822,-5.81,-5.816,8.566423388933186,-7.439,3.8166772053023332,-6.4158156205194565,179.21900000000002,0.607815281271072,1.308,3.4427095724940333
187,generic_title2,100,Pocket2Mol_93_num_sample_100,Pocket2Mol,-5.309,-2.124,-6.494,10000.0,-5.27,-4.805,-5.726,-5.462,7.542624408397507,-7.526,7.447508531831657,-6.7554264214316024,178.18699999999995,0.6005224781167378,1.3926999999999998,2.2327687440916666
188,generic_title2,100,Pocket2Mol_94_num_sample_100,Pocket2Mol,-5.572,-4.37,-6.713,10000.0,-5.067,-5.067,-5.566,-5.663,7.758094598348428,-7.355,7.446527276092187,-6.5384417782884023,177.20299999999997,0.7068360910344443,1.5798999999999999,1.8133661533352292
189,generic_title2,100,Pocket2Mol_95_num_sample_100,Pocket2Mol,-4.115,-0.618,-5.25,10000.0,-4.921,-3.887,-3.639,10000.0,6.33148370301452,-5.832,7.526133163778666,-5.5335060418223199,182.175,0.7078363488813835,1.172,2.227946194915271
190,generic_title2,100,Pocket2Mol_96_num_sample_100,Pocket2Mol,-4.121,-0.564,-5.986,10000.0,-3.674,-3.674,-6.057,-5.51,8.28528408700074,-7.434,8.164888375416592,-6.2601816949453113,182.14999999999998,0.5683213243202535,1.3749,2.1210688560379314
191,generic_title2,100,Pocket2Mol_97_num_sample_100,Pocket2Mol,-3.459,-0.285,-5.472,10000.0,-3.437,-3.437,-5.184,-5.166,7.872265659164555,-7.052,6.453654221356569,-5.6741042845598972,182.194,0.6109241282857768,2.04312,2.4048588768279533
192,generic_title2,100,Pocket2Mol_98_num_sample_100,Pocket2Mol,-5.095,-4.196,-5.552,10000.0,-5.525,-5.063,-5.782,-5.758,7.747957135668334,-7.385,7.483525613140089,-6.5424376223650755,177.203,0.5275771709478482,2.2294,2.6073345525036284
193,generic_title2,100,Pocket2Mol_99_num_sample_100,Pocket2Mol,-2.082,-1.844,-4.217,-3.865,-2.015,-1.838,-3.861,-3.754,9.648062986423751,-3.419,7.3640429496392406,-4.2061859325960418,74.079,0.4020858486861461,-0.009299999999999975,2.90882222844221
194,generic_title2,100,Pocket2Mol_9_num_sample_100,Pocket2Mol,-2.661,-2.223,-4.594,10000.0,-2.639,-2.537,-4.578,-3.925,7.321506525868384,-3.719,3.4405853387548024,-4.0531373717677539,82.10600000000001,0.49044689078380066,0.7181199999999999,3.226802041498831
